timestamp,close,raw_signal,processed_signal,regime_probability,target_normalized_position,current_contracts_before,target_contracts,delta_contracts,trade_allowed,dry_run
2026-06-25T09:25:00,2003.7,0.9022626876831055,0.910573560185163,0.041018303483724594,0.910573560185163,0,5,5,True,True
2026-06-25T09:30:00,2004.7,0.7730010747909546,0.811722291949329,0.038428764790296555,0.811722291949329,5,4,-1,True,True
2026-06-25T09:35:00,2004.1,0.6759104132652283,0.7335931148866963,0.03975474834442139,0.7335931148866963,4,4,0,True,True
2026-06-25T09:40:00,2003.6,0.6459711790084839,0.7086193225911201,0.04137019068002701,0.7086193225911201,4,4,0,True,True
2026-06-25T09:45:00,2004.2,0.4967551827430725,0.5812991975108596,0.04397418722510338,0.5812991975108596,4,3,-1,True,True
2026-06-25T09:50:00,2005.7,0.26515182852745056,0.36228630515494653,0.048843976110219955,0.36228630515494653,3,2,-1,True,True
2026-06-25T09:55:00,2005.4,0.35404327511787415,0.44872785861946324,0.055833544582128525,0.44872785861946324,2,2,0,True,True
2026-06-25T10:05:00,2004.0,0.5417271256446838,0.614459861698459,0.06724658608436584,0.614459861698459,0,3,3,True,True
2026-06-25T10:10:00,2004.9,0.42211848497390747,0.5089785117406695,0.07023832201957703,0.5089785117406695,3,3,0,True,True
2026-06-25T10:15:00,2005.1,0.34050795435905457,0.43150881664693774,0.07989484816789627,0.43150881664693774,3,2,-1,True,True
2026-06-25T10:20:00,2005.2,0.3352774381637573,0.42491292722392837,0.08905831724405289,0.42491292722392837,2,2,0,True,True
2026-06-25T10:25:00,2005.5,0.3421798348426819,0.4295090730175225,0.09994307905435562,0.4295090730175225,2,2,0,True,True
2026-06-25T10:30:00,2004.8,0.4234001338481903,0.5012255059374328,0.11268389225006104,0.5012255059374328,2,3,1,True,True
2026-06-25T10:35:00,2005.4,0.361875057220459,0.4436111553630463,0.12303120642900467,0.4436111553630463,3,2,-1,True,True
2026-06-25T10:40:00,2004.8,0.4055193364620209,0.4801363038001438,0.1379130631685257,0.4801363038001438,2,2,0,True,True
2026-06-25T10:45:00,2004.1,0.3979787826538086,0.4709868543372144,0.1500757932662964,0.4709868543372144,2,2,0,True,True
2026-06-25T10:50:00,2004.8,0.26283955574035645,0.34323593537468955,0.16242951154708862,0.34323593537468955,2,2,0,True,True
2026-06-25T10:55:00,2004.5,0.2052675485610962,0.2831112797677882,0.17909716069698334,0.2831112797677882,2,1,-1,True,True
2026-06-25T11:00:00,2003.5,0.23880568146705627,0.31477875617101875,0.19637420773506165,0.31477875617101875,1,2,1,True,True
2026-06-25T11:05:00,2005.5,-0.016388311982154846,0.0,0.20622488856315613,0.0,2,0,-2,True,True
2026-06-25T11:10:00,2005.7,-0.03508605808019638,0.0,0.23065756261348724,0.0,0,0,0,True,True
2026-06-25T11:15:00,2007.4,-0.07351375371217728,0.0,0.24963690340518951,0.0,0,0,0,True,True
2026-06-25T11:20:00,2005.1,0.2081282138824463,0.2754077769300831,0.26556363701820374,0.2754077769300831,0,1,1,True,True
2026-06-25T11:25:00,2005.5,0.22368009388446808,0.29076015639944813,0.2651190161705017,0.29076015639944813,1,1,0,True,True
2026-06-25T13:00:00,2006.3,0.06873051822185516,0.0,0.3087431788444519,0.0,1,0,-1,True,True
2026-06-25T13:05:00,2005.9,0.023836946114897728,0.0,0.35803377628326416,0.0,0,0,0,True,True
2026-06-25T13:10:00,2007.0,-0.13458502292633057,-0.18773060918231757,0.38783642649650574,0.0,0,0,0,True,True
2026-06-25T13:15:00,2010.8,-0.36019542813301086,-0.38326333154630177,0.4392105042934418,-0.38326333154630177,0,-2,-2,True,True
2026-06-25T13:20:00,2009.5,-0.3169414699077606,-0.3396802100487637,0.48963019251823425,-0.3396802100487637,-2,-2,0,True,True
2026-06-25T13:25:00,2009.0,-0.246999129652977,-0.27817811991383423,0.5150873064994812,-0.27817811991383423,-2,-1,1,True,True
2026-06-25T13:30:00,2009.6,-0.25339099764823914,-0.27913453740253286,0.5460646152496338,-0.27913453740253286,-1,-1,0,True,True
2026-06-25T13:35:00,2007.8,-0.15868917107582092,-0.19366667590030576,0.5743185877799988,-0.19366667590030576,-1,-1,0,True,True
2026-06-25T13:40:00,2007.5,-0.1348050981760025,-0.17110968193726703,0.5771967172622681,-0.17110968193726703,-1,-1,0,True,True
2026-06-25T13:45:00,2007.1,-0.1073300763964653,-0.14313539415478355,0.5917029976844788,-0.14313539415478355,-1,-1,0,True,True
2026-06-25T13:50:00,2008.6,-0.178203746676445,-0.21063282265712763,0.5801007747650146,-0.21063282265712763,-1,-1,0,True,True
2026-06-25T13:55:00,2007.7,-0.10361620038747787,-0.1395818719943694,0.5892745852470398,-0.1395818719943694,-1,-1,0,True,True
2026-06-25T14:00:00,2007.8,0.006393189076334238,0.0,0.5808504223823547,0.0,-1,0,1,True,True
2026-06-25T14:05:00,2004.8,0.2957186698913574,0.3053734515729238,0.5962398648262024,0.3053734515729238,0,2,2,True,True
2026-06-25T14:10:00,2003.6,0.4928719401359558,0.4525109493502599,0.5768262147903442,0.4525109493502599,2,2,0,True,True
2026-06-25T14:15:00,2005.8,0.4271809160709381,0.41725491482003424,0.5258389115333557,0.41725491482003424,2,2,0,True,True
2026-06-25T14:20:00,2008.1,0.3821924924850464,0.42273752906596423,0.32580146193504333,0.42273752906596423,2,2,0,False,True
2026-06-25T14:25:00,2006.0,0.669338583946228,0.6742829658439973,0.22203104197978973,0.0,2,0,-2,False,True
2026-06-26T09:35:00,2003.5,0.7790981531143188,0.8166635423103704,0.037994347512722015,0.8166635423103704,0,4,4,True,True
2026-06-26T09:40:00,2003.1,0.7503188252449036,0.7944903115906577,0.03626364469528198,0.7944903115906577,4,4,0,True,True
2026-06-26T09:45:00,2001.9,0.7156482934951782,0.7662514256086689,0.03800835832953453,0.7662514256086689,4,4,0,True,True
2026-06-26T09:50:00,2001.0,0.6560156345367432,0.7179538986577947,0.03764353320002556,0.7179538986577947,4,4,0,True,True
2026-06-26T09:55:00,2001.3,0.5344188809394836,0.6156264989931169,0.03767162933945656,0.6156264989931169,4,3,-1,True,True
2026-06-26T10:00:00,1998.6,0.5903741121292114,0.6619638098227264,0.04286636784672737,0.6619638098227264,3,3,0,True,True
2026-06-26T10:05:00,1998.5,0.553093671798706,0.6301452887533004,0.04369843378663063,0.6301452887533004,3,3,0,True,True
2026-06-26T10:10:00,1996.4,0.680241584777832,0.733849876209651,0.05065562576055527,0.733849876209651,3,4,1,True,True
2026-06-26T10:15:00,1997.1,0.642572820186615,0.7024197389950524,0.05321982875466347,0.7024197389950524,4,4,0,True,True
2026-06-26T10:20:00,1999.2,0.36975398659706116,0.4611785387547953,0.06849902123212814,0.4611785387547953,4,2,-2,True,True
2026-06-26T10:25:00,1998.5,0.6191600561141968,0.6741723058382493,0.08532481640577316,0.6741723058382493,2,3,1,True,True
2026-06-26T10:30:00,1997.3,0.78743577003479,0.8016255072834904,0.1025465577840805,0.8016255072834904,3,4,1,True,True
2026-06-26T10:35:00,1993.8,0.8852431774139404,0.8667403226724585,0.12571926414966583,0.8667403226724585,4,4,0,True,True
2026-06-26T10:40:00,1994.1,0.8709413409233093,0.8527150681840862,0.1354295015335083,0.8527150681840862,4,4,0,True,True
2026-06-26T10:45:00,1995.0,0.7991728186607361,0.7915423484881218,0.1588263064622879,0.7915423484881218,4,4,0,True,True
2026-06-26T10:50:00,1994.7,0.7815248370170593,0.7711099426482881,0.18074114620685577,0.7711099426482881,4,4,0,True,True
2026-06-26T10:55:00,1994.5,0.7890511751174927,0.7691552082958435,0.20318976044654846,0.7691552082958435,4,4,0,True,True
2026-06-26T11:00:00,1995.0,0.7759720087051392,0.7548158759872486,0.21757511794567108,0.7548158759872486,4,4,0,True,True
2026-06-26T11:05:00,1993.4,0.8178339004516602,0.7776803541088593,0.23930327594280243,0.7776803541088593,4,4,0,True,True
2026-06-26T11:10:00,1994.4,0.7698317766189575,0.740107718460783,0.2486756592988968,0.740107718460783,4,4,0,True,True
2026-06-26T11:15:00,1993.6,0.7623163461685181,0.725455280195791,0.27695000171661377,0.725455280195791,4,4,0,True,True
2026-06-26T11:20:00,1993.5,0.7283092141151428,0.6950899754814902,0.29583460092544556,0.6950899754814902,4,3,-1,True,True
2026-06-26T11:25:00,1992.7,0.7100776433944702,0.6735011100673585,0.3232981562614441,0.6735011100673585,3,3,0,True,True
2026-06-26T11:25:00,1992.7,0.7100776433944702,0.6735011100673585,0.3232981562614441,0.6735011100673585,0,3,3,True,True
2026-06-26T13:00:00,1997.6,0.33780813217163086,0.381828324744448,0.34570300579071045,0.381828324744448,3,2,-1,True,True
2026-06-26T13:05:00,1997.3,0.31844547390937805,0.3581352674131715,0.3879179358482361,0.3581352674131715,2,2,0,True,True
2026-06-26T13:10:00,1998.0,0.2997605800628662,0.3367662935831497,0.42179811000823975,0.3367662935831497,2,2,0,True,True
2026-06-26T13:15:00,1998.0,0.24619624018669128,0.2830089913941844,0.4756799340248108,0.2830089913941844,2,1,-1,True,True
2026-06-26T13:20:00,2001.3,0.08897057175636292,0.1307146749793924,0.49400627613067627,0.1307146749793924,1,1,0,True,True
2026-06-26T13:25:00,2001.9,0.06506746262311935,0.0,0.5383172631263733,0.0,1,0,-1,True,True
2026-06-26T13:30:00,2002.0,0.04723794013261795,0.0,0.5836014151573181,0.0,0,0,0,True,True
2026-06-26T13:35:00,2000.2,0.06788864731788635,0.0,0.6373539566993713,0.0,0,0,0,True,True
2026-06-26T13:40:00,2002.6,0.0400993786752224,0.0,0.645582377910614,0.0,0,0,0,True,True
2026-06-26T13:45:00,2004.7,0.060238439589738846,0.0,0.6669501066207886,0.0,0,0,0,True,True
2026-06-26T13:50:00,2004.5,0.11127232760190964,0.13843021140905679,0.7036932110786438,0.0,0,0,0,True,True
2026-06-26T13:55:00,2004.7,0.10670286417007446,0.13204978225779718,0.7317419648170471,0.0,0,0,0,True,True
2026-06-26T14:00:00,2005.5,0.05070217326283455,0.0,0.7493056058883667,0.0,0,0,0,True,True
2026-06-26T14:05:00,2004.2,0.03347543999552727,0.0,0.7704575657844543,0.0,0,0,0,True,True
2026-06-26T14:10:00,2004.7,0.04439689964056015,0.0,0.7731776833534241,0.0,0,0,0,True,True
2026-06-26T14:15:00,2006.0,-0.36554795503616333,-0.36196950218867674,0.5751197338104248,-0.36196950218867674,0,-2,-2,True,True
2026-06-26T14:20:00,2009.1,-0.4031088650226593,-0.4139056415662486,0.4546172320842743,-0.4139056415662486,-2,-2,0,False,True
2026-06-26T14:25:00,2007.0,-0.2656233310699463,-0.31460831314133036,0.3742580711841583,0.0,-2,0,2,False,True
2026-06-29T09:40:00,2012.3,-0.7640075087547302,-0.7974698856482044,0.06033002957701683,-0.7974698856482044,0,-4,-4,True,True
2026-06-29T09:45:00,2012.8,-0.7748385667800903,-0.8045156033270272,0.06462379544973373,-0.8045156033270272,-4,-4,0,True,True
2026-06-29T09:50:00,2010.9,-0.7142828702926636,-0.7564443674606224,0.06603501737117767,-0.7564443674606224,-4,-4,0,True,True
2026-06-29T09:55:00,2010.6,-0.715861976146698,-0.7585279461289502,0.06336979568004608,-0.7585279461289502,-4,-4,0,True,True
2026-06-29T10:00:00,2010.8,-0.7668744921684265,-0.7988896761432811,0.0628424882888794,-0.7988896761432811,-4,-4,0,True,True
2026-06-29T10:05:00,2010.2,-0.7702558040618896,-0.8010673704629377,0.06424941122531891,-0.8010673704629377,-4,-4,0,True,True
2026-06-29T10:10:00,2011.5,-0.776275098323822,-0.8048990040106624,0.06684566289186478,-0.8048990040106624,-4,-4,0,True,True
2026-06-29T10:15:00,2013.0,-0.7361356616020203,-0.7707771571852099,0.07534221559762955,-0.7707771571852099,-4,-4,0,True,True
2026-06-29T10:20:00,2012.0,-0.5119991898536682,-0.5852233844506888,0.08281592279672623,-0.5852233844506888,-4,-3,1,True,True
2026-06-29T10:25:00,2012.0,-0.32412099838256836,-0.4148488636420756,0.08565384149551392,-0.4148488636420756,-3,-2,1,True,True
2026-06-29T10:30:00,2011.6,-0.20729544758796692,-0.29624350570566155,0.08928137272596359,-0.29624350570566155,-2,-1,1,True,True
2026-06-29T10:35:00,2010.4,-0.06323382258415222,0.0,0.09440837800502777,0.0,-1,0,1,True,True
2026-06-29T10:40:00,2010.5,-0.08089403063058853,-0.1455865711534881,0.10048223286867142,0.0,0,0,0,True,True
2026-06-29T10:45:00,2011.8,-0.1468108743429184,-0.22634953746214187,0.11410706490278244,0.0,0,0,0,True,True
2026-06-29T10:50:00,2011.9,-0.05340350791811943,0.0,0.13805648684501648,0.0,0,0,0,True,True
2026-06-29T10:55:00,2011.8,0.08169609308242798,0.14310834036863024,0.1587165892124176,0.0,0,0,0,True,True
2026-06-29T11:00:00,2012.0,0.1398574560880661,0.2121604815990461,0.18078888952732086,0.2121604815990461,0,1,1,True,True
2026-06-29T11:05:00,2011.5,0.21696412563323975,0.2923080685779152,0.20125994086265564,0.2923080685779152,1,1,0,True,True
2026-06-29T11:10:00,2010.7,0.2510190010070801,0.32370088134647634,0.21806146204471588,0.32370088134647634,1,2,1,True,True
2026-06-29T11:15:00,2010.3,0.1397944539785385,0.20671842383540567,0.23951444029808044,0.20671842383540567,2,1,-1,True,True
2026-06-29T11:20:00,2011.2,-0.06474822014570236,0.0,0.26319602131843567,0.0,1,0,-1,True,True
2026-06-29T11:25:00,2011.0,-0.11620337516069412,-0.17608634752436034,0.28817054629325867,0.0,0,0,0,True,True
2026-06-29T13:00:00,2011.2,-0.22941312193870544,-0.2848861768430158,0.351438969373703,0.0,0,0,0,True,True
2026-06-29T13:05:00,2012.3,-0.3331976532936096,-0.36750054113312597,0.4050602316856384,-0.36750054113312597,0,-2,-2,True,True
2026-06-29T13:10:00,2010.6,-0.30144721269607544,-0.33310289569881224,0.4530371427536011,-0.33310289569881224,-2,-2,0,True,True
2026-06-29T13:15:00,2011.0,-0.3833373486995697,-0.3941390605106894,0.47742965817451477,-0.3941390605106894,-2,-2,0,True,True
2026-06-29T13:20:00,2012.2,-0.45999905467033386,-0.44538872718158706,0.5065216422080994,-0.44538872718158706,-2,-2,0,True,True
2026-06-29T13:25:00,2012.8,-0.4568348824977875,-0.43719818266879795,0.5330246686935425,-0.43719818266879795,-2,-2,0,True,True
2026-06-29T13:30:00,2012.3,-0.3976695239543915,-0.3904564568291341,0.5507349967956543,-0.3904564568291341,-2,-2,0,True,True
2026-06-29T13:35:00,2013.8,-0.3740319311618805,-0.37026661319522824,0.5645896792411804,-0.37026661319522824,-2,-2,0,True,True
2026-06-29T13:40:00,2014.0,-0.29509153962135315,-0.3067168990186459,0.5848175883293152,-0.3067168990186459,-2,-2,0,True,True
2026-06-29T13:45:00,2013.0,-0.1897803097963333,-0.21965360889349758,0.5901907682418823,-0.21965360889349758,-2,-1,1,True,True
2026-06-29T13:50:00,2011.0,-0.08846591413021088,-0.12420004013071949,0.5858332514762878,-0.12420004013071949,-1,-1,0,True,True
2026-06-29T13:55:00,2010.8,-0.07903597503900528,0.0,0.5711944699287415,0.0,-1,0,1,True,True
2026-06-29T14:00:00,2010.4,-0.0896974429488182,-0.12759757432527913,0.5537555813789368,0.0,0,0,0,True,True
2026-06-29T14:05:00,2010.0,-0.11214817315340042,-0.15288917014727768,0.5277017951011658,0.0,0,0,0,True,True
2026-06-29T14:10:00,2009.0,-0.04673439636826515,0.0,0.5088831186294556,0.0,0,0,0,True,True
2026-06-29T14:15:00,2009.0,-0.09975530207157135,-0.14389605473466918,0.4733119606971741,0.0,0,0,0,True,True
2026-06-29T14:20:00,2003.3,0.51390141248703,0.5283928144875301,0.3236083388328552,0.0,0,0,0,False,True
2026-06-30T09:30:00,2008.8,0.6307994723320007,0.7012179991678776,0.023293334990739822,0.7012179991678776,0,4,4,True,True
2026-06-30T09:35:00,2007.4,0.6053374409675598,0.6796114515056307,0.02427418902516365,0.6796114515056307,4,3,-1,True,True
2026-06-30T09:40:00,2006.2,0.5740216374397278,0.6527683068840501,0.025412175804376602,0.6527683068840501,3,3,0,True,True
2026-06-30T09:45:00,2005.0,0.46843522787094116,0.5601320484444573,0.026890933513641357,0.5601320484444573,3,3,0,True,True
2026-06-30T09:50:00,2004.7,0.21710704267024994,0.31433328979325736,0.029271909967064857,0.31433328979325736,3,2,-1,True,True
2026-06-30T09:55:00,2004.6,-0.03901319205760956,0.0,0.034453582018613815,0.0,2,0,-2,True,True
2026-06-30T10:00:00,2004.5,-0.19720688462257385,-0.2909606729012764,0.0419950857758522,0.0,0,0,0,True,True
2026-06-30T10:05:00,2005.0,-0.2786755859851837,-0.3756192136956582,0.0517057329416275,-0.3756192136956582,0,-2,-2,True,True
2026-06-30T10:10:00,2005.8,-0.2672412693500519,-0.3620963718907075,0.06450895220041275,-0.3620963718907075,-2,-2,0,True,True
2026-06-30T10:15:00,2006.8,-0.13480187952518463,-0.21550483774584175,0.07827362418174744,-0.21550483774584175,-2,-1,1,True,True
2026-06-30T10:20:00,2007.0,0.09174627810716629,0.1606723218557319,0.09042894840240479,0.0,-1,0,1,True,True
2026-06-30T10:25:00,2008.9,0.17992714047431946,0.26500123738727227,0.10191041976213455,0.26500123738727227,0,1,1,True,True
2026-06-30T10:30:00,2007.5,0.39485737681388855,0.476437255599537,0.10880204290151596,0.476437255599537,1,2,1,True,True
2026-06-30T10:35:00,2007.2,0.4750913381576538,0.5475870885378106,0.10772901028394699,0.5475870885378106,2,3,1,True,True
2026-06-30T10:40:00,2008.0,0.40930670499801636,0.48781214587732774,0.11682478338479996,0.48781214587732774,3,2,-1,True,True
2026-06-30T10:45:00,2007.4,0.4895758330821991,0.5553289341320357,0.12794184684753418,0.5553289341320357,2,3,1,True,True
2026-06-30T10:50:00,2007.6,0.563410758972168,0.6143015749061533,0.13841933012008667,0.6143015749061533,3,3,0,True,True
2026-06-30T10:55:00,2007.1,0.6421703100204468,0.6718987690992742,0.1584351658821106,0.6718987690992742,3,3,0,True,True
2026-06-30T11:00:00,2007.5,0.6551802158355713,0.6775600393771786,0.17395982146263123,0.6775600393771786,3,3,0,True,True
2026-06-30T11:05:00,2006.9,0.6817145943641663,0.6906101640330491,0.19871169328689575,0.6906101640330491,3,3,0,True,True
2026-06-30T11:10:00,2006.8,0.6883907914161682,0.6897749817232056,0.21823371946811676,0.6897749817232056,3,3,0,True,True
2026-06-30T11:15:00,2007.1,0.6420665979385376,0.6480939535790218,0.24112124741077423,0.6480939535790218,3,3,0,True,True
2026-06-30T11:20:00,2007.8,0.5476913452148438,0.5708460838897375,0.2584051191806793,0.5708460838897375,3,3,0,True,True
2026-06-30T11:25:00,2007.9,0.47635960578918457,0.5090182493519654,0.28066855669021606,0.5090182493519654,3,3,0,True,True
2026-06-30T13:00:00,2008.6,0.3270176947116852,0.37698041197034354,0.32063308358192444,0.37698041197034354,3,2,-1,True,True
2026-06-30T13:05:00,2009.6,0.1701786071062088,0.22740523330440351,0.35433587431907654,0.22740523330440351,2,1,-1,True,True
2026-06-30T13:10:00,2008.3,0.15367302298545837,0.20561312653391645,0.4056820273399353,0.20561312653391645,1,1,0,True,True
2026-06-30T13:15:00,2007.3,0.12459611892700195,0.1726512645403447,0.4418293237686157,0.1726512645403447,1,1,0,True,True
2026-06-30T13:20:00,2007.7,0.012607972137629986,0.0,0.46701356768608093,0.0,1,0,-1,True,True
2026-06-30T13:25:00,2007.4,-0.0665823221206665,0.0,0.49601638317108154,0.0,0,0,0,True,True
2026-06-30T13:30:00,2007.5,-0.1640401929616928,-0.20552612169776394,0.506600558757782,0.0,0,0,0,True,True
2026-06-30T13:35:00,2007.2,-0.2428206503391266,-0.27215910495285467,0.5330258011817932,0.0,0,0,0,True,True
2026-06-30T13:40:00,2006.6,-0.29611194133758545,-0.31269266919234273,0.5525524616241455,0.0,0,0,0,True,True
2026-06-30T13:45:00,2006.7,-0.3668399155139923,-0.3663912167056257,0.5567547082901001,-0.3663912167056257,0,-2,-2,True,True
2026-06-30T13:50:00,2007.0,-0.4407880902290344,-0.41972270536977,0.5603200197219849,-0.41972270536977,-2,-2,0,True,True
2026-06-30T13:55:00,2006.9,-0.4620209038257599,-0.43335813104020415,0.5667378902435303,-0.43335813104020415,-2,-2,0,True,True
2026-06-30T14:00:00,2005.5,-0.43605688214302063,-0.40948809904010336,0.5922391414642334,-0.40948809904010336,-2,-2,0,True,True
2026-06-30T14:05:00,2003.8,-0.38138702511787415,-0.35842654956268905,0.6536427140235901,-0.35842654956268905,-2,-2,0,True,True
2026-06-30T14:10:00,2003.5,-0.4432220757007599,-0.3996548448950107,0.6606725454330444,-0.3996548448950107,-2,-2,0,True,True
2026-06-30T14:15:00,2000.0,-0.25044721364974976,-0.25640520285587787,0.6893700957298279,-0.25640520285587787,-2,-1,1,True,True
2026-06-30T14:20:00,1998.3,0.1823704093694687,0.22012060328618377,0.5280998349189758,0.0,-1,0,1,False,True
2026-06-30T14:25:00,1998.2,0.4226425886154175,0.43755542816275833,0.41314083337783813,0.0,0,0,0,False,True
2026-07-01T09:35:00,2007.0,0.9150822758674622,0.8957178056036108,0.1065954715013504,0.8957178056036108,0,4,4,True,True
2026-07-01T09:40:00,2007.9,0.911458432674408,0.8965404008109513,0.09725753962993622,0.8965404008109513,4,4,0,True,True
2026-07-01T09:45:00,2008.8,0.9041048884391785,0.8919593163311168,0.0949675440788269,0.8919593163311168,4,4,0,True,True
2026-07-01T09:50:00,2009.8,0.8970678448677063,0.8863113953348529,0.09614994376897812,0.8863113953348529,4,4,0,True,True
2026-07-01T09:55:00,2008.8,0.8935604095458984,0.8843551827065899,0.0943978950381279,0.8843551827065899,4,4,0,True,True
2026-07-01T10:00:00,2008.4,0.8832713961601257,0.8787713051107667,0.08873328566551208,0.8787713051107667,4,4,0,True,True
2026-07-01T10:05:00,2008.6,0.8595433831214905,0.8617897773216696,0.08653783053159714,0.8617897773216696,4,4,0,True,True
2026-07-01T10:10:00,2008.8,0.8487948775291443,0.8534743233701927,0.08716065436601639,0.8534743233701927,4,4,0,True,True
2026-07-01T10:15:00,2010.0,0.8324740529060364,0.839550201014958,0.09171073883771896,0.839550201014958,4,4,0,True,True
2026-07-01T10:20:00,2011.9,0.8116062879562378,0.8197636436015069,0.10326725244522095,0.8197636436015069,4,4,0,True,True
2026-07-01T10:25:00,2012.7,0.2638455629348755,0.353227690770516,0.10126426815986633,0.353227690770516,4,2,-2,True,True
2026-07-01T10:30:00,2012.8,0.5208685398101807,0.581557902156248,0.1286979615688324,0.581557902156248,2,3,1,True,True
2026-07-01T10:35:00,2015.3,0.5780264735221863,0.6247155269459068,0.1440747231245041,0.6247155269459068,3,3,0,True,True
2026-07-01T10:40:00,2014.0,0.6848952174186707,0.7072132989852509,0.15159861743450165,0.7072132989852509,3,4,1,True,True
2026-07-01T10:45:00,2013.8,0.7376871705055237,0.750755287306274,0.14205193519592285,0.750755287306274,4,4,0,True,True
2026-07-01T10:50:00,2013.3,0.7341634035110474,0.7485025039434816,0.14066985249519348,0.7485025039434816,4,4,0,True,True
2026-07-01T10:55:00,2012.9,0.745076596736908,0.7572110495524713,0.13948774337768555,0.7572110495524713,4,4,0,True,True
2026-07-01T11:00:00,2013.7,0.7186548113822937,0.7355167568611032,0.14417879283428192,0.7355167568611032,4,4,0,True,True
2026-07-01T11:05:00,2013.5,0.6884937882423401,0.7081741403782761,0.15763239562511444,0.7081741403782761,4,4,0,True,True
2026-07-01T11:10:00,2013.3,0.668044924736023,0.6887795237295662,0.169677734375,0.6887795237295662,4,3,-1,True,True
2026-07-01T11:15:00,2013.4,0.6387012600898743,0.6625588980833146,0.18158504366874695,0.6625588980833146,3,3,0,True,True
2026-07-01T11:20:00,2013.9,0.5920180082321167,0.6208581583426215,0.2002469003200531,0.6208581583426215,3,3,0,True,True
2026-07-01T11:25:00,2015.0,0.5255063772201538,0.5595014601516232,0.23375040292739868,0.5595014601516232,3,3,0,True,True
2026-07-01T13:00:00,2015.9,0.44921600818634033,0.4774374241473168,0.3247205913066864,0.4774374241473168,3,2,-1,True,True
2026-07-01T13:05:00,2015.3,0.39849546551704407,0.4196185009510752,0.40840739011764526,0.4196185009510752,2,2,0,True,True
2026-07-01T13:10:00,2015.8,0.336620569229126,0.3585997805052375,0.47140878438949585,0.3585997805052375,2,2,0,True,True
2026-07-01T13:15:00,2015.9,0.3191259503364563,0.33463915358019625,0.52964186668396,0.33463915358019625,2,2,0,True,True
2026-07-01T13:20:00,2016.0,0.337232381105423,0.3407793416556795,0.5748422741889954,0.3407793416556795,2,2,0,True,True
2026-07-01T13:25:00,2013.6,0.38521748781204224,0.37416450591284944,0.5869641900062561,0.37416450591284944,2,2,0,True,True
2026-07-01T13:30:00,2013.5,0.40662360191345215,0.38953243741590354,0.5875539183616638,0.38953243741590354,2,2,0,True,True
2026-07-01T13:35:00,2012.6,0.41852763295173645,0.3963530236319329,0.5957275629043579,0.3963530236319329,2,2,0,True,True
2026-07-01T13:40:00,2012.1,0.39385026693344116,0.37932861166755677,0.5925320386886597,0.37932861166755677,2,2,0,True,True
2026-07-01T13:45:00,2012.7,0.3097677230834961,0.3168143584730926,0.5924859642982483,0.3168143584730926,2,2,0,True,True
2026-07-01T13:50:00,2013.2,0.24018792808055878,0.26119250238707437,0.5967872738838196,0.26119250238707437,2,1,-1,True,True
2026-07-01T13:55:00,2012.4,0.2856454849243164,0.2970460647763897,0.5993887782096863,0.2970460647763897,1,1,0,True,True
2026-07-01T14:00:00,2013.2,0.25792208313941956,0.2762623773741838,0.5917056798934937,0.2762623773741838,1,1,0,True,True
2026-07-01T14:05:00,2013.7,0.27785030007362366,0.291471491341675,0.5959517955780029,0.291471491341675,1,1,0,True,True
2026-07-01T14:10:00,2014.8,0.32915642857551575,0.3308293393437309,0.5967656373977661,0.3308293393437309,1,2,1,True,True
2026-07-01T14:15:00,2015.5,0.41231459379196167,0.38976626916853174,0.6062496304512024,0.38976626916853174,2,2,0,True,True
2026-07-01T14:20:00,2014.0,0.6433908343315125,0.6127405877603085,0.36764010787010193,0.6127405877603085,2,3,1,False,True
2026-07-01T14:25:00,2014.8,0.76494961977005,0.7382730407332727,0.24351529777050018,0.0,3,0,-3,False,True
2026-07-02T09:20:00,2022.5,0.04528692737221718,0.0,0.07614374905824661,0.0,0,0,0,True,True
2026-07-02T09:25:00,2020.6,0.3630191385746002,0.45229626376342014,0.08222508430480957,0.45229626376342014,0,2,2,True,True
2026-07-02T09:30:00,2020.0,0.44996342062950134,0.532718360009184,0.07587636262178421,0.532718360009184,2,3,1,True,True
2026-07-02T09:35:00,2016.8,0.4420616626739502,0.527409698195055,0.06793050467967987,0.527409698195055,3,3,0,True,True
2026-07-02T09:40:00,2016.1,0.2783026397228241,0.374322616162698,0.057705216109752655,0.374322616162698,3,2,-1,True,True
2026-07-02T09:45:00,2015.5,0.10441532731056213,0.1797451065625171,0.05362013354897499,0.1797451065625171,2,1,-1,True,True
2026-07-02T09:50:00,2015.2,-0.16562162339687347,-0.2544393742020825,0.04988454654812813,0.0,1,0,-1,True,True
2026-07-02T09:55:00,2016.5,-0.4212842881679535,-0.5126490342919251,0.049082428216934204,-0.5126490342919251,0,-3,-3,True,True
2026-07-02T10:00:00,2017.3,-0.44414636492729187,-0.532555758654093,0.05285045504570007,-0.532555758654093,-3,-3,0,True,True
2026-07-02T10:05:00,2015.4,-0.06315425783395767,0.0,0.05723023787140846,0.0,-3,0,3,True,True
2026-07-02T10:10:00,2016.3,-0.11029975861310959,-0.18703227161849717,0.05698779970407486,0.0,0,0,0,True,True
2026-07-02T10:15:00,2015.5,-0.05064232274889946,0.0,0.06198425590991974,0.0,0,0,0,True,True
2026-07-02T10:20:00,2016.0,-0.0655241310596466,0.0,0.06537239998579025,0.0,0,0,0,True,True
2026-07-02T10:25:00,2015.7,-0.05423719063401222,0.0,0.07268904894590378,0.0,0,0,0,True,True
2026-07-02T10:30:00,2013.2,0.13953298330307007,0.22063346673102627,0.08396212756633759,0.22063346673102627,0,1,1,True,True
2026-07-02T10:35:00,2013.7,-0.07078851014375687,0.0,0.08817557245492935,0.0,1,0,-1,True,True
2026-07-02T10:40:00,2013.1,-0.13210119307041168,-0.20983788483680405,0.10589136183261871,0.0,0,0,0,True,True
2026-07-02T10:45:00,2014.7,-0.3181295692920685,-0.4035565186014673,0.11827646940946579,-0.4035565186014673,0,-2,-2,True,True
2026-07-02T10:50:00,2016.5,-0.3416912853717804,-0.42135929643127246,0.142958864569664,-0.42135929643127246,-2,-2,0,True,True
2026-07-02T10:55:00,2018.3,-0.15788307785987854,-0.2327999009449358,0.17634786665439606,-0.2327999009449358,-2,-1,1,True,True
2026-07-02T11:00:00,2017.1,0.2583328187465668,0.3339204307924225,0.19618122279644012,0.0,-1,0,1,True,True
2026-07-02T11:05:00,2017.3,0.3746906518936157,0.4400553617867794,0.2028324007987976,0.4400553617867794,0,2,2,True,True
2026-07-02T11:10:00,2017.1,0.40247368812561035,0.46174676427583716,0.21550217270851135,0.46174676427583716,2,2,0,True,True
2026-07-02T11:15:00,2016.7,0.41961273550987244,0.4747069341503879,0.22370214760303497,0.4747069341503879,2,2,0,True,True
2026-07-02T11:20:00,2017.2,0.3585798442363739,0.41862172520775653,0.24148818850517273,0.41862172520775653,2,2,0,True,True
2026-07-02T11:25:00,2017.4,0.3613121211528778,0.41686349614721585,0.2637416422367096,0.41686349614721585,2,2,0,True,True
2026-07-02T13:00:00,2014.0,0.5064830183982849,0.5188743976332522,0.33937904238700867,0.5188743976332522,2,3,1,True,True
2026-07-02T13:05:00,2013.7,0.4272887408733368,0.4484258626903863,0.3787611424922943,0.4484258626903863,3,2,-1,True,True
2026-07-02T13:10:00,2014.4,0.19411920011043549,0.24247454858051584,0.4272124171257019,0.24247454858051584,2,1,-1,True,True
2026-07-02T13:15:00,2014.2,0.0008615178521722555,0.0,0.46778684854507446,0.0,1,0,-1,True,True
2026-07-02T13:20:00,2014.0,-0.1414269357919693,-0.18401916820605896,0.5051788091659546,0.0,0,0,0,True,True
2026-07-02T13:25:00,2012.7,-0.2044139951467514,-0.23695147379876058,0.5514280200004578,0.0,0,0,0,True,True
2026-07-02T13:30:00,2013.6,-0.4646967649459839,-0.4380217633766129,0.5543780326843262,-0.4380217633766129,0,-2,-2,True,True
2026-07-02T13:35:00,2013.6,-0.6092568635940552,-0.5300612406365949,0.5783878564834595,-0.5300612406365949,-2,-3,-1,True,True
2026-07-02T13:40:00,2013.1,-0.6594021916389465,-0.5584160194725256,0.592190146446228,-0.5584160194725256,-3,-3,0,True,True
2026-07-02T13:45:00,2013.8,-0.731461226940155,-0.6027079401107667,0.5949628949165344,-0.6027079401107667,-3,-3,0,True,True
2026-07-02T13:50:00,2008.5,-0.45785796642303467,-0.4141971471945459,0.6396312713623047,-0.4141971471945459,-3,-2,1,True,True
2026-07-02T13:55:00,2007.8,-0.40394675731658936,-0.38263961234151217,0.612065851688385,-0.38263961234151217,-2,-2,0,True,True
2026-07-02T14:00:00,2008.1,-0.5249168276786804,-0.46585453676027677,0.6114761829376221,-0.46585453676027677,-2,-2,0,True,True
2026-07-02T14:05:00,2007.3,-0.5610154867172241,-0.4924196389866121,0.6009157299995422,-0.4924196389866121,-2,-2,0,True,True
2026-07-02T14:10:00,2004.8,-0.41374504566192627,-0.390328788867853,0.6084362268447876,-0.390328788867853,-2,-2,0,True,True
2026-07-02T14:15:00,2008.8,-0.7013148665428162,-0.6110997116194712,0.5064951181411743,-0.6110997116194712,-2,-3,-1,True,True
2026-07-02T14:20:00,2012.5,-0.8390414118766785,-0.7465815874324963,0.37098002433776855,-0.7465815874324963,-3,-4,-1,False,True
2026-07-02T14:25:00,2011.7,-0.7202327847480774,-0.6986719068559841,0.26586905121803284,0.0,-4,0,4,False,True
2026-07-06T10:30:00,2005.5,-0.5029725432395935,-0.5641898458266185,0.13839605450630188,-0.5641898458266185,0,-3,-3,True,True
2026-07-06T10:35:00,2007.0,-0.5101494193077087,-0.5660818712164344,0.15552175045013428,-0.5660818712164344,-3,-3,0,True,True
2026-07-06T10:40:00,2006.3,-0.38360440731048584,-0.4540686971740748,0.17111051082611084,-0.4540686971740748,-3,-2,1,True,True
2026-07-06T10:45:00,2006.0,-0.287378191947937,-0.3639589684520784,0.1817937195301056,-0.3639589684520784,-2,-2,0,True,True
2026-07-06T10:50:00,2005.7,-0.3090599775314331,-0.3811359908403407,0.20127037167549133,-0.3811359908403407,-2,-2,0,True,True
2026-07-06T10:55:00,2005.5,-0.3491724729537964,-0.4139318955431943,0.22181545197963715,-0.4139318955431943,-2,-2,0,True,True
2026-07-06T11:00:00,2005.6,-0.3897848427295685,-0.44415902186430956,0.24908141791820526,-0.44415902186430956,-2,-2,0,True,True
2026-07-06T11:05:00,2006.7,-0.4529186487197876,-0.4913790677795917,0.2749411165714264,-0.4913790677795917,-2,-2,0,True,True
2026-07-06T11:10:00,2006.4,-0.41296520829200745,-0.4526471865082585,0.3033304214477539,-0.4526471865082585,-2,-2,0,True,True
2026-07-06T11:15:00,2007.0,-0.39795729517936707,-0.4369487721116466,0.31981584429740906,-0.4369487721116466,-2,-2,0,True,True
2026-07-06T11:20:00,2006.7,-0.37269461154937744,-0.4108707246025927,0.3465719223022461,-0.4108707246025927,-2,-2,0,True,True
2026-07-06T11:25:00,2006.5,-0.3195105493068695,-0.3622349245472574,0.3690835237503052,-0.3622349245472574,-2,-2,0,True,True
2026-07-06T13:00:00,2007.7,-0.4252290725708008,-0.43670412876826964,0.4267098009586334,-0.43670412876826964,-2,-2,0,True,True
2026-07-06T13:05:00,2005.5,-0.39627134799957275,-0.39922285360280146,0.5016990303993225,-0.39922285360280146,-2,-2,0,True,True
2026-07-06T13:10:00,2006.0,-0.5106565356254578,-0.47564613455507154,0.5315367579460144,-0.47564613455507154,-2,-2,0,True,True
2026-07-06T13:15:00,2005.1,-0.5881662964820862,-0.5143645536740811,0.5853652358055115,-0.5143645536740811,-2,-3,-1,True,True
2026-07-06T13:20:00,2005.7,-0.684421956539154,-0.5744754525686697,0.5913841128349304,-0.5744754525686697,-3,-3,0,True,True
2026-07-06T13:25:00,2004.0,-0.7161319255828857,-0.5817590053197625,0.6317355632781982,-0.5817590053197625,-3,-3,0,True,True
2026-07-06T13:30:00,2005.0,-0.7839378118515015,-0.6243526203476346,0.6264782547950745,-0.6243526203476346,-3,-3,0,True,True
2026-07-06T13:35:00,2004.5,-0.804095983505249,-0.628782516458862,0.6487735509872437,-0.628782516458862,-3,-3,0,True,True
2026-07-06T13:40:00,2003.6,-0.7979099154472351,-0.6228870636601798,0.6554776430130005,-0.6228870636601798,-3,-3,0,True,True
2026-07-06T13:45:00,2005.0,-0.8232457637786865,-0.6437260716808079,0.6379386782646179,-0.6437260716808079,-3,-3,0,True,True
2026-07-06T13:50:00,2002.7,-0.7750114798545837,-0.6066282484952202,0.6639625430107117,-0.6066282484952202,-3,-3,0,True,True
2026-07-06T13:55:00,1998.2,-0.5903915762901306,-0.49103747708565504,0.6773657202720642,-0.49103747708565504,-3,-2,1,True,True
2026-07-06T14:00:00,1996.5,-0.49934718012809753,-0.43314871215587075,0.6770486235618591,-0.43314871215587075,-2,-2,0,True,True
2026-07-06T14:05:00,1995.0,-0.5111117362976074,-0.4438249150030236,0.6644560098648071,-0.4438249150030236,-2,-2,0,True,True
2026-07-06T14:10:00,1996.0,-0.6818347573280334,-0.5706065589298934,0.5988454818725586,-0.5706065589298934,-2,-3,-1,True,True
2026-07-06T14:15:00,1982.8,0.10509519279003143,0.13955165581240628,0.6098865866661072,0.0,-3,0,3,True,True
2026-07-06T14:20:00,1984.9,0.006046035327017307,0.0,0.4249107241630554,0.0,0,0,0,False,True
2026-07-06T14:25:00,1986.4,-0.325511634349823,-0.3728697487360812,0.3369215428829193,0.0,0,0,0,False,True
