timestamp,close,previous_close,price_change,contracts_held_during_bar,contracts_after_decision,gross_pnl_points,cost_points,cost_vnd,net_pnl_points,gross_return,net_return,cum_net_pnl_points,cum_net_return
2026-06-25T09:25:00,2003.7,,0.0,0,5,0.0,0.52,52000.0,-0.52,0.0,-0.0002595198882068174,-0.52,-0.0002595198882068174
2026-06-25T09:30:00,2004.7,2003.7,1.0,5,4,5.0,0.47446856,47446.856,4.52553144,0.0024941387738813786,0.002257460687384646,4.00553144,0.0019979407991778286
2026-06-25T09:35:00,2004.1,2004.7,-0.6000000000001364,4,4,-2.4000000000005457,0.0,0.0,-2.4000000000005457,-0.0011975450326832723,-0.0011975450326832723,1.6055314399994547,0.0008003957664945564
2026-06-25T09:40:00,2003.6,2004.1,-0.5,4,4,-2.0,0.0,0.0,-2.0,-0.0009982032341784787,-0.0009982032341784787,-0.3944685600005453,-0.00019780746768392234
2026-06-25T09:45:00,2004.2,2003.6,0.6000000000001364,4,3,2.4000000000005457,0.47437616,47437.616,1.9256238400005457,0.001197485280910361,0.0009607942520709239,1.5311552800000003,0.0007629867843870015
2026-06-25T09:50:00,2005.7,2004.2,1.5,3,2,4.5,0.47465336,47465.336,4.02534664,0.0022436057236874907,0.0020069535025178243,5.5565019200000005,0.0027699402869048257
2026-06-25T09:55:00,2005.4,2005.7,-0.2999999999999545,2,2,-0.599999999999909,0.0,0.0,-0.599999999999909,-0.00029919218111095495,-0.00029919218111095495,4.9565019200000915,0.0024707481057938707
2026-06-25T10:05:00,2004.0,,0.0,0,3,0.0,0.312,31200.0,-0.312,0.0,-0.000155688622754491,-0.312,-0.000155688622754491
2026-06-25T10:10:00,2004.9,2004.0,0.900000000000091,3,3,2.700000000000273,0.0,0.0,2.700000000000273,0.001346700583570389,0.001346700583570389,2.388000000000273,0.001191011960815898
2026-06-25T10:15:00,2005.1,2004.9,0.1999999999998181,3,2,0.5999999999994543,0.47454248,47454.248,0.12545751999945431,0.00029923694578796783,6.256920851800625e-05,2.5134575199997276,0.0012535811693339042
2026-06-25T10:20:00,2005.2,2005.1,0.10000000000013642,2,2,0.20000000000027285,0.0,0.0,0.20000000000027285,9.974067424709398e-05,9.974067424709398e-05,2.7134575200000004,0.0013533218435809982
2026-06-25T10:25:00,2005.5,2005.2,0.2999999999999545,2,2,0.599999999999909,0.0,0.0,0.599999999999909,0.0002991772625280025,0.0002991772625280025,3.3134575199999095,0.0016524991061090007
2026-06-25T10:30:00,2004.8,2005.5,-0.7000000000000455,2,3,-1.400000000000091,0.104,10400.0,-1.504000000000091,-0.0006983240223464141,-0.0007501995211492871,1.8094575199998184,0.0009022995849597135
2026-06-25T10:35:00,2005.4,2004.8,0.6000000000001364,3,2,1.8000000000004093,0.47459792,47459.792,1.3254020800004094,0.0008975765433332049,0.0006609165652739649,3.134859600000228,0.0015632161502336784
2026-06-25T10:40:00,2004.8,2005.4,-0.6000000000001364,2,2,-1.2000000000002728,0.0,0.0,-1.2000000000002728,-0.000598563447725595,-0.000598563447725595,1.934859599999955,0.0009646527025080835
2026-06-25T10:45:00,2004.1,2004.8,-0.7000000000000455,2,2,-1.400000000000091,0.0,0.0,-1.400000000000091,-0.0006985679357317953,-0.0006985679357317953,0.534859599999864,0.00026608476677628817
2026-06-25T10:50:00,2004.8,2004.1,0.7000000000000455,2,2,1.400000000000091,0.0,0.0,1.400000000000091,0.0006983240223464141,0.0006983240223464141,1.934859599999955,0.0009644087891227022
2026-06-25T10:55:00,2004.5,2004.8,-0.2999999999999545,2,1,-0.599999999999909,0.4744316,47443.16,-1.074431599999909,-0.00029932651534043855,-0.0005360097779994558,0.8604280000000459,0.0004283990111232464
2026-06-25T11:00:00,2003.5,2004.5,-1.0,1,2,-1.0,0.104,10400.0,-1.104,-0.0004991265285749938,-0.0005510356875467931,-0.24357199999995416,-0.0001226366764235467
2026-06-25T11:05:00,2005.5,2003.5,2.0,2,0,4.0,0.9492328,94923.28,3.0507672,0.0019945150835203192,0.0015212002991772627,2.807195200000046,0.001398563622753716
2026-06-25T11:10:00,2005.7,2005.5,0.20000000000004547,0,0,0.0,0.0,0.0,0.0,0.0,0.0,2.807195200000046,0.001398563622753716
2026-06-25T11:15:00,2007.4,2005.7,1.7000000000000455,0,0,0.0,0.0,0.0,0.0,0.0,0.0,2.807195200000046,0.001398563622753716
2026-06-25T11:20:00,2005.1,2007.4,-2.300000000000182,0,1,-0.0,0.104,10400.0,-0.104,-0.0,-5.18677372699616e-05,2.703195200000046,0.0013466958854837544
2026-06-25T11:25:00,2005.5,2005.1,0.40000000000009095,1,1,0.40000000000009095,0.0,0.0,0.40000000000009095,0.00019945150835207727,0.00019945150835207727,3.103195200000137,0.0015461473938358317
2026-06-25T13:00:00,2006.3,2005.5,0.7999999999999545,1,0,0.7999999999999545,0.47476424,47476.424,0.3252357599999545,0.00039874395653688606,0.00016210724218708794,3.4284309600000915,0.0017082546360229196
2026-06-25T13:05:00,2005.9,2006.3,-0.3999999999998636,0,0,-0.0,0.0,0.0,-0.0,-0.0,-0.0,3.4284309600000915,0.0017082546360229196
2026-06-25T13:10:00,2007.0,2005.9,1.099999999999909,0,0,0.0,0.0,0.0,0.0,0.0,0.0,3.4284309600000915,0.0017082546360229196
2026-06-25T13:15:00,2010.8,2007.0,3.7999999999999545,0,-2,0.0,0.9511916800000001,95119.168,-0.9511916800000001,0.0,-0.00047304141635170084,2.4772392800000915,0.001235213219671219
2026-06-25T13:20:00,2009.5,2010.8,-1.2999999999999545,-2,-2,2.599999999999909,0.0,0.0,2.599999999999909,0.001293854192585175,0.001293854192585175,5.077239280000001,0.002529067412256394
2026-06-25T13:25:00,2009.0,2009.5,-0.5,-2,-1,1.0,0.104,10400.0,0.896,0.0004977600796416127,0.000445993031358885,5.9732392800000005,0.002975060443615279
2026-06-25T13:30:00,2009.6,2009.0,0.599999999999909,-1,-1,-0.599999999999909,0.0,0.0,-0.599999999999909,-0.0002985668789808465,-0.0002985668789808465,5.373239280000091,0.0026764935646344324
2026-06-25T13:35:00,2007.8,2009.6,-1.7999999999999545,-1,-1,1.7999999999999545,0.0,0.0,1.7999999999999545,0.0008965036358202781,0.0008965036358202781,7.173239280000046,0.0035729972004547106
2026-06-25T13:40:00,2007.5,2007.8,-0.2999999999999545,-1,-1,0.2999999999999545,0.0,0.0,0.2999999999999545,0.00014943960149437337,0.00014943960149437337,7.4732392800000005,0.003722436801949084
2026-06-25T13:45:00,2007.1,2007.5,-0.40000000000009095,-1,-1,0.40000000000009095,0.0,0.0,0.40000000000009095,0.00019929251158392255,0.00019929251158392255,7.873239280000091,0.0039217293135330065
2026-06-25T13:50:00,2008.6,2007.1,1.5,-1,-1,-1.5,0.0,0.0,-1.5,-0.0007467888081250623,-0.0007467888081250623,6.373239280000091,0.003174940505407944
2026-06-25T13:55:00,2007.7,2008.6,-0.8999999999998636,-1,-1,0.8999999999998636,0.0,0.0,0.8999999999998636,0.0004482741445434395,0.0004482741445434395,7.273239279999955,0.0036232146499513835
2026-06-25T14:00:00,2007.8,2007.7,0.09999999999990905,-1,0,-0.09999999999990905,0.104,10400.0,-0.20399999999990903,-4.9805757545526974e-05,-0.00010160374539292213,7.069239280000046,0.0035216109045584612
2026-06-25T14:05:00,2004.8,2007.8,-3.0,0,2,-0.0,0.208,20800.0,-0.208,-0.0,-0.00010375099760574621,6.861239280000046,0.003417859906952715
2026-06-25T14:10:00,2003.6,2004.8,-1.2000000000000455,2,2,-2.400000000000091,0.0,0.0,-2.400000000000091,-0.00119784388101422,-0.00119784388101422,4.461239279999955,0.002220016025938495
2026-06-25T14:15:00,2005.8,2003.6,2.2000000000000455,2,2,4.400000000000091,0.0,0.0,4.400000000000091,0.0021936384484993973,0.0021936384484993973,8.861239280000046,0.004413654474437892
2026-06-25T14:20:00,2008.1,2005.8,2.2999999999999545,2,2,4.599999999999909,0.0,0.0,4.599999999999909,0.002290722573576968,0.002290722573576968,13.461239279999955,0.00670437704801486
2026-06-25T14:25:00,2006.0,2008.1,-2.099999999999909,2,0,-4.199999999999818,0.9494176,94941.76,-5.149417599999818,-0.0020937188434695005,-0.002567007776669899,8.311821680000136,0.004137369271344961
2026-06-26T09:35:00,2003.5,,0.0,0,4,0.0,0.416,41600.0,-0.416,0.0,-0.0002076366358871974,-0.416,-0.0002076366358871974
2026-06-26T09:40:00,2003.1,2003.5,-0.40000000000009095,4,4,-1.6000000000003638,0.0,0.0,-1.6000000000003638,-0.0007987619190256921,-0.0007987619190256921,-2.0160000000003637,-0.0010063985549128894
2026-06-26T09:45:00,2001.9,2003.1,-1.199999999999818,4,4,-4.799999999999272,0.0,0.0,-4.799999999999272,-0.0023977221639438894,-0.0023977221639438894,-6.815999999999637,-0.003404120718856779
2026-06-26T09:50:00,2001.0,2001.9,-0.900000000000091,4,4,-3.600000000000364,0.0,0.0,-3.600000000000364,-0.0017991004497752944,-0.0017991004497752944,-10.416,-0.005203221168632073
2026-06-26T09:55:00,2001.3,2001.0,0.2999999999999545,4,3,1.199999999999818,0.47384023999999997,47384.024,0.7261597599998182,0.0005996102533352411,0.00036284403137951235,-9.689840240000182,-0.004840377137252561
2026-06-26T10:00:00,1998.6,2001.3,-2.7000000000000455,3,3,-8.100000000000136,0.0,0.0,-8.100000000000136,-0.004052836985890191,-0.004052836985890191,-17.789840240000316,-0.008893214123142753
2026-06-26T10:05:00,1998.5,1998.6,-0.09999999999990905,3,3,-0.29999999999972715,0.0,0.0,-0.29999999999972715,-0.00015011258443819222,-0.00015011258443819222,-18.089840240000044,-0.009043326707580944
2026-06-26T10:10:00,1996.4,1998.5,-2.099999999999909,3,4,-6.299999999999727,0.104,10400.0,-6.403999999999727,-0.0031556802244037904,-0.0032077739931876013,-24.49384023999977,-0.012251100700768545
2026-06-26T10:15:00,1997.1,1996.4,0.6999999999998181,4,4,2.7999999999992724,0.0,0.0,2.7999999999992724,0.0014020329477739085,0.0014020329477739085,-21.693840240000497,-0.010849067752994636
2026-06-26T10:20:00,1999.2,1997.1,2.1000000000001364,4,2,8.400000000000546,0.94690432,94690.432,7.453095680000546,0.004201680672269181,0.003728039055622522,-14.240744559999952,-0.007121028697372114
2026-06-26T10:25:00,1998.5,1999.2,-0.7000000000000455,2,3,-1.400000000000091,0.104,10400.0,-1.504000000000091,-0.0007005253940455797,-0.0007525644233175336,-15.744744560000044,-0.007873593120689647
2026-06-26T10:30:00,1997.3,1998.5,-1.2000000000000455,3,4,-3.6000000000001364,0.104,10400.0,-3.7040000000001365,-0.00180243328493473,-0.0018545035798328425,-19.44874456000018,-0.00972809670052249
2026-06-26T10:35:00,1993.8,1997.3,-3.5,4,4,-14.0,0.0,0.0,-14.0,-0.007021767479185475,-0.007021767479185475,-33.44874456000018,-0.016749864179707964
2026-06-26T10:40:00,1994.1,1993.8,0.2999999999999545,4,4,1.199999999999818,0.0,0.0,1.199999999999818,0.0006017752369489083,0.0006017752369489083,-32.24874456000036,-0.016148088942759056
2026-06-26T10:45:00,1995.0,1994.1,0.900000000000091,4,4,3.600000000000364,0.0,0.0,3.600000000000364,0.001804511278195671,0.001804511278195671,-28.648744559999997,-0.014343577664563385
2026-06-26T10:50:00,1994.7,1995.0,-0.2999999999999545,4,4,-1.199999999999818,0.0,0.0,-1.199999999999818,-0.0006015942246953517,-0.0006015942246953517,-29.848744559999815,-0.014945171889258736
2026-06-26T10:55:00,1994.5,1994.7,-0.20000000000004547,4,4,-0.8000000000001819,0.0,0.0,-0.8000000000001819,-0.00040110303334178087,-0.00040110303334178087,-30.648744559999997,-0.015346274922600517
2026-06-26T11:00:00,1995.0,1994.5,0.5,4,4,2.0,0.0,0.0,2.0,0.0010025062656641604,0.0010025062656641604,-28.648744559999997,-0.014343768656936356
2026-06-26T11:05:00,1993.4,1995.0,-1.599999999999909,4,4,-6.399999999999636,0.0,0.0,-6.399999999999636,-0.0032105949633789684,-0.0032105949633789684,-35.04874455999963,-0.017554363620315323
2026-06-26T11:10:00,1994.4,1993.4,1.0,4,4,4.0,0.0,0.0,4.0,0.002005615724027276,0.002005615724027276,-31.048744559999633,-0.015548747896288047
2026-06-26T11:15:00,1993.6,1994.4,-0.8000000000001819,4,4,-3.2000000000007276,0.0,0.0,-3.2000000000007276,-0.001605136436597476,-0.001605136436597476,-34.24874456000036,-0.017153884332885522
2026-06-26T11:20:00,1993.5,1993.6,-0.09999999999990905,4,3,-0.3999999999996362,0.47239879999999995,47239.88,-0.8723987999996361,-0.00020065211938782854,-0.00043762167042871137,-35.12114336,-0.017591506003314234
2026-06-26T11:25:00,1992.7,1993.5,-0.7999999999999545,3,3,-2.3999999999998636,0.0,0.0,-2.3999999999998636,-0.0012043960455662486,-0.0012043960455662486,-37.52114335999986,-0.018795902048880483
2026-06-26T11:25:00,1992.7,,0.0,0,3,0.0,0.312,31200.0,-0.312,0.0,-0.0001565714859236212,-0.312,-0.0001565714859236212
2026-06-26T13:00:00,1997.6,1992.7,4.899999999999864,3,2,14.69999999999959,0.47315648,47315.648,14.22684351999959,0.007358830596715855,0.007121968121745891,13.914843519999591,0.00696539663582227
2026-06-26T13:05:00,1997.3,1997.6,-0.2999999999999545,2,2,-0.599999999999909,0.0,0.0,-0.599999999999909,-0.0003004055474890648,-0.0003004055474890648,13.314843519999682,0.006664991088333206
2026-06-26T13:10:00,1998.0,1997.3,0.7000000000000455,2,2,1.400000000000091,0.0,0.0,1.400000000000091,0.0007007007007007462,0.0007007007007007462,14.714843519999773,0.007365691789033952
2026-06-26T13:15:00,1998.0,1998.0,0.0,2,1,0.0,0.4732304,47323.04,-0.4732304,0.0,-0.00023685205205205206,14.241613119999773,0.0071288397369819
2026-06-26T13:20:00,2001.3,1998.0,3.2999999999999545,1,1,3.2999999999999545,0.0,0.0,3.2999999999999545,0.0016489281966721404,0.0016489281966721404,17.541613119999727,0.00877776793365404
2026-06-26T13:25:00,2001.9,2001.3,0.6000000000001364,1,0,0.6000000000001364,0.47395112,47395.112,0.12604888000013642,0.00029971527049309975,6.296462360764094e-05,17.667661999999865,0.008840732557261682
2026-06-26T13:30:00,2002.0,2001.9,0.09999999999990905,0,0,0.0,0.0,0.0,0.0,0.0,0.0,17.667661999999865,0.008840732557261682
2026-06-26T13:35:00,2000.2,2002.0,-1.7999999999999545,0,0,-0.0,0.0,0.0,-0.0,-0.0,-0.0,17.667661999999865,0.008840732557261682
2026-06-26T13:40:00,2002.6,2000.2,2.3999999999998636,0,0,0.0,0.0,0.0,0.0,0.0,0.0,17.667661999999865,0.008840732557261682
2026-06-26T13:45:00,2004.7,2002.6,2.1000000000001364,0,0,0.0,0.0,0.0,0.0,0.0,0.0,17.667661999999865,0.008840732557261682
2026-06-26T13:50:00,2004.5,2004.7,-0.20000000000004547,0,0,-0.0,0.0,0.0,-0.0,-0.0,-0.0,17.667661999999865,0.008840732557261682
2026-06-26T13:55:00,2004.7,2004.5,0.20000000000004547,0,0,0.0,0.0,0.0,0.0,0.0,0.0,17.667661999999865,0.008840732557261682
2026-06-26T14:00:00,2005.5,2004.7,0.7999999999999545,0,0,0.0,0.0,0.0,0.0,0.0,0.0,17.667661999999865,0.008840732557261682
2026-06-26T14:05:00,2004.2,2005.5,-1.2999999999999545,0,0,-0.0,0.0,0.0,-0.0,-0.0,-0.0,17.667661999999865,0.008840732557261682
2026-06-26T14:10:00,2004.7,2004.2,0.5,0,0,0.0,0.0,0.0,0.0,0.0,0.0,17.667661999999865,0.008840732557261682
2026-06-26T14:15:00,2006.0,2004.7,1.2999999999999545,0,-2,0.0,0.9494176,94941.76,-0.9494176,0.0,-0.0004732889332003988,16.718244399999865,0.008367443624061282
2026-06-26T14:20:00,2009.1,2006.0,3.099999999999909,-2,-2,-6.199999999999818,0.0,0.0,-6.199999999999818,-0.003085958887063769,-0.003085958887063769,10.518244400000047,0.005281484736997513
2026-06-26T14:25:00,2007.0,2009.1,-2.099999999999909,-2,0,4.199999999999818,0.208,20800.0,3.991999999999818,0.0020926756352764417,0.0019890383657198895,14.510244399999864,0.007270523102717402
2026-06-29T09:40:00,2012.3,,0.0,0,-4,0.0,1.9034921599999999,190349.216,-1.9034921599999999,0.0,-0.0009459286189931918,-1.9034921599999999,-0.0009459286189931918
2026-06-29T09:45:00,2012.8,2012.3,0.5,-4,-4,-2.0,0.0,0.0,-2.0,-0.0009936406995230524,-0.0009936406995230524,-3.90349216,-0.0019395693185162441
2026-06-29T09:50:00,2010.9,2012.8,-1.8999999999998636,-4,-4,7.599999999999454,0.0,0.0,7.599999999999454,0.0037794022576952877,0.0037794022576952877,3.6965078399994544,0.0018398329391790436
2026-06-29T09:55:00,2010.6,2010.9,-0.3000000000001819,-4,-4,1.2000000000007276,0.0,0.0,1.2000000000007276,0.0005968367651450949,0.0005968367651450949,4.896507840000182,0.0024366697043241383
2026-06-29T10:00:00,2010.8,2010.6,0.20000000000004547,-4,-4,-0.8000000000001819,0.0,0.0,-0.8000000000001819,-0.00039785160135278594,-0.00039785160135278594,4.09650784,0.0020388181029713523
2026-06-29T10:05:00,2010.2,2010.8,-0.599999999999909,-4,-4,2.399999999999636,0.0,0.0,2.399999999999636,0.0011939110536263238,0.0011939110536263238,6.496507839999636,0.003232729156597676
2026-06-29T10:10:00,2011.5,2010.2,1.2999999999999545,-4,-4,-5.199999999999818,0.0,0.0,-5.199999999999818,-0.002585135471041421,-0.002585135471041421,1.2965078399998182,0.0006475936855562551
2026-06-29T10:15:00,2013.0,2011.5,1.5,-4,-4,-6.0,0.0,0.0,-6.0,-0.0029806259314456036,-0.0029806259314456036,-4.703492160000182,-0.0023330322458893485
2026-06-29T10:20:00,2012.0,2013.0,-1.0,-4,-3,4.0,0.104,10400.0,3.896,0.0019880715705765406,0.0019363817097415505,-0.8074921600001819,-0.00039665053614779794
2026-06-29T10:25:00,2012.0,2012.0,0.0,-3,-2,-0.0,0.104,10400.0,-0.104,-0.0,-5.168986083499006e-05,-0.9114921600001819,-0.000448340396982788
2026-06-29T10:30:00,2011.6,2012.0,-0.40000000000009095,-2,-1,0.8000000000001819,0.104,10400.0,0.6960000000001819,0.00039769337840534,0.00034599323921265755,-0.21549215999999993,-0.00010234715777013043
2026-06-29T10:35:00,2010.4,2011.6,-1.199999999999818,-1,0,1.199999999999818,0.104,10400.0,1.095999999999818,0.000596896140071537,0.0005451651412653293,0.8805078399998181,0.0004428179834951989
2026-06-29T10:40:00,2010.5,2010.4,0.09999999999990905,0,0,0.0,0.0,0.0,0.0,0.0,0.0,0.8805078399998181,0.0004428179834951989
2026-06-29T10:45:00,2011.8,2010.5,1.2999999999999545,0,0,0.0,0.0,0.0,0.0,0.0,0.0,0.8805078399998181,0.0004428179834951989
2026-06-29T10:50:00,2011.9,2011.8,0.10000000000013642,0,0,0.0,0.0,0.0,0.0,0.0,0.0,0.8805078399998181,0.0004428179834951989
2026-06-29T10:55:00,2011.8,2011.9,-0.10000000000013642,0,0,-0.0,0.0,0.0,-0.0,-0.0,-0.0,0.8805078399998181,0.0004428179834951989
2026-06-29T11:00:00,2012.0,2011.8,0.20000000000004547,0,1,0.0,0.104,10400.0,-0.104,0.0,-5.168986083499006e-05,0.7765078399998181,0.00039112812266020884
2026-06-29T11:05:00,2011.5,2012.0,-0.5,1,1,-0.5,0.0,0.0,-0.5,-0.00024857071836937607,-0.00024857071836937607,0.2765078399998181,0.00014255740429083277
2026-06-29T11:10:00,2010.7,2011.5,-0.7999999999999545,1,2,-0.7999999999999545,0.104,10400.0,-0.9039999999999545,-0.0003978713880737825,-0.0004495946685233772,-0.6274921600001364,-0.00030703726423254445
2026-06-29T11:15:00,2010.3,2010.7,-0.40000000000009095,2,1,-0.8000000000001819,0.47550344,47550.344,-1.275503440000182,-0.00039795055464367604,-0.0006344841267473422,-1.9029956000003183,-0.0009415213909798866
2026-06-29T11:20:00,2011.2,2010.3,0.900000000000091,1,0,0.900000000000091,0.47566976,47566.976,0.42433024000009095,0.00044749403341293306,0.00021098361177411047,-1.4786653600002273,-0.0007305377792057761
2026-06-29T11:25:00,2011.0,2011.2,-0.20000000000004547,0,0,-0.0,0.0,0.0,-0.0,-0.0,-0.0,-1.4786653600002273,-0.0007305377792057761
2026-06-29T13:00:00,2011.2,2011.0,0.20000000000004547,0,0,0.0,0.0,0.0,0.0,0.0,0.0,-1.4786653600002273,-0.0007305377792057761
2026-06-29T13:05:00,2012.3,2011.2,1.099999999999909,0,-2,0.0,0.9517460799999999,95174.608,-0.9517460799999999,0.0,-0.0004729643094965959,-2.4304114400002272,-0.001203502088702372
2026-06-29T13:10:00,2010.6,2012.3,-1.7000000000000455,-2,-2,3.400000000000091,0.0,0.0,3.400000000000091,0.0016910375012434552,0.0016910375012434552,0.9695885599998637,0.0004875354125410832
2026-06-29T13:15:00,2011.0,2010.6,0.40000000000009095,-2,-2,-0.8000000000001819,0.0,0.0,-0.8000000000001819,-0.00039781203381411334,-0.00039781203381411334,0.1695885599996818,8.972337872696986e-05
2026-06-29T13:20:00,2012.2,2011.0,1.2000000000000455,-2,-2,-2.400000000000091,0.0,0.0,-2.400000000000091,-0.0011927243812742724,-0.0011927243812742724,-2.230411440000409,-0.0011030010025473026
2026-06-29T13:25:00,2012.8,2012.2,0.599999999999909,-2,-2,-1.199999999999818,0.0,0.0,-1.199999999999818,-0.0005961844197137411,-0.0005961844197137411,-3.4304114400002272,-0.0016991854222610436
2026-06-29T13:30:00,2012.3,2012.8,-0.5,-2,-2,1.0,0.0,0.0,1.0,0.0004969437956567112,0.0004969437956567112,-2.4304114400002272,-0.0012022416266043324
2026-06-29T13:35:00,2013.8,2012.3,1.5,-2,-2,-3.0,0.0,0.0,-3.0,-0.0014897209256132685,-0.0014897209256132685,-5.430411440000228,-0.0026919625522176006
2026-06-29T13:40:00,2014.0,2013.8,0.20000000000004547,-2,-2,-0.40000000000009095,0.0,0.0,-0.40000000000009095,-0.00019860973187690712,-0.00019860973187690712,-5.830411440000319,-0.0028905722840945076
2026-06-29T13:45:00,2013.0,2014.0,-1.0,-2,-1,2.0,0.104,10400.0,1.896,0.0009935419771485345,0.0009418777943368108,-3.9344114400003187,-0.0019486944897576968
2026-06-29T13:50:00,2011.0,2013.0,-2.0,-1,-1,2.0,0.0,0.0,2.0,0.000994530084535057,0.000994530084535057,-1.9344114400003187,-0.0009541644052226397
2026-06-29T13:55:00,2010.8,2011.0,-0.20000000000004547,-1,0,0.20000000000004547,0.104,10400.0,0.09600000000004548,9.946290033819648e-05,4.774219216234608e-05,-1.8384114400002733,-0.0009064222130602936
2026-06-29T14:00:00,2010.4,2010.8,-0.3999999999998636,0,0,-0.0,0.0,0.0,-0.0,-0.0,-0.0,-1.8384114400002733,-0.0009064222130602936
2026-06-29T14:05:00,2010.0,2010.4,-0.40000000000009095,0,0,-0.0,0.0,0.0,-0.0,-0.0,-0.0,-1.8384114400002733,-0.0009064222130602936
2026-06-29T14:10:00,2009.0,2010.0,-1.0,0,0,-0.0,0.0,0.0,-0.0,-0.0,-0.0,-1.8384114400002733,-0.0009064222130602936
2026-06-29T14:15:00,2009.0,2009.0,0.0,0,0,0.0,0.0,0.0,0.0,0.0,0.0,-1.8384114400002733,-0.0009064222130602936
2026-06-29T14:20:00,2003.3,2009.0,-5.7000000000000455,0,0,-0.0,0.0,0.0,-0.0,-0.0,-0.0,-1.8384114400002733,-0.0009064222130602936
2026-06-30T09:30:00,2008.8,,0.0,0,4,0.0,0.416,41600.0,-0.416,0.0,-0.00020708880923934689,-0.416,-0.00020708880923934689
2026-06-30T09:35:00,2007.4,2008.8,-1.3999999999998636,4,3,-5.599999999999454,0.47496752,47496.752,-6.074967519999454,-0.0027896781906941587,-0.003026286499949912,-6.4909675199994545,-0.003233375309189259
2026-06-30T09:40:00,2006.2,2007.4,-1.2000000000000455,3,3,-3.6000000000001364,0.0,0.0,-3.6000000000001364,-0.001794437244541988,-0.001794437244541988,-10.090967519999591,-0.005027812553731247
2026-06-30T09:45:00,2005.0,2006.2,-1.2000000000000455,3,3,-3.6000000000001364,0.0,0.0,-3.6000000000001364,-0.0017955112219452051,-0.0017955112219452051,-13.690967519999727,-0.006823323775676452
2026-06-30T09:50:00,2004.7,2005.0,-0.2999999999999545,3,2,-0.8999999999998636,0.47446856,47446.856,-1.3744685599998636,-0.0004489449792985801,-0.0006856230657953128,-15.065436079999591,-0.0075089468414717645
2026-06-30T09:55:00,2004.6,2004.7,-0.10000000000013642,2,0,-0.20000000000027285,0.94890016,94890.016,-1.1489001600002728,-9.977052778622811e-05,-0.0005731318766837638,-16.214336239999863,-0.008082078718155528
2026-06-30T10:00:00,2004.5,2004.6,-0.09999999999990905,0,0,-0.0,0.0,0.0,-0.0,-0.0,-0.0,-16.214336239999863,-0.008082078718155528
2026-06-30T10:05:00,2005.0,2004.5,0.5,0,-2,0.0,0.949048,94904.8,-0.949048,0.0,-0.00047334064837905237,-17.163384239999864,-0.00855541936653458
2026-06-30T10:10:00,2005.8,2005.0,0.7999999999999545,-2,-2,-1.599999999999909,0.0,0.0,-1.599999999999909,-0.0007976867085451735,-0.0007976867085451735,-18.763384239999773,-0.009353106075079753
2026-06-30T10:15:00,2006.8,2005.8,1.0,-2,-1,-2.0,0.104,10400.0,-2.104,-0.000996611520829181,-0.0010484353199122984,-20.867384239999772,-0.010401541394992051
2026-06-30T10:20:00,2007.0,2006.8,0.20000000000004547,-1,0,-0.20000000000004547,0.104,10400.0,-0.30400000000004546,-9.965122072747656e-05,-0.0001514698555057526,-21.171384239999817,-0.010553011250497804
2026-06-30T10:25:00,2008.9,2007.0,1.900000000000091,0,1,0.0,0.104,10400.0,-0.104,0.0,-5.1769625168002387e-05,-21.275384239999816,-0.010604780875665807
2026-06-30T10:30:00,2007.5,2008.9,-1.400000000000091,1,2,-1.400000000000091,0.104,10400.0,-1.504000000000091,-0.0006973848069738934,-0.0007491905354919508,-22.779384239999906,-0.011353971411157758
2026-06-30T10:35:00,2007.2,2007.5,-0.2999999999999545,2,3,-0.599999999999909,0.104,10400.0,-0.703999999999909,-0.00029892387405336244,-0.0003507373455559531,-23.483384239999815,-0.011704708756713712
2026-06-30T10:40:00,2008.0,2007.2,0.7999999999999545,3,2,2.3999999999998636,0.4750784,47507.840000000004,1.9249215999998635,0.0011952191235059082,0.0009586262948206492,-21.558462639999952,-0.010746082461893063
2026-06-30T10:45:00,2007.4,2008.0,-0.599999999999909,2,3,-1.199999999999818,0.104,10400.0,-1.3039999999998182,-0.0005977881837201445,-0.0006495964929758982,-22.86246263999977,-0.011395678954868961
2026-06-30T10:50:00,2007.6,2007.4,0.1999999999998181,3,3,0.5999999999994543,0.0,0.0,0.5999999999994543,0.0002988643156004455,0.0002988643156004455,-22.262462640000315,-0.011096814639268515
2026-06-30T10:55:00,2007.1,2007.6,-0.5,3,3,-1.5,0.0,0.0,-1.5,-0.0007473469184395397,-0.0007473469184395397,-23.762462640000315,-0.011844161557708054
2026-06-30T11:00:00,2007.5,2007.1,0.40000000000009095,3,3,1.2000000000002728,0.0,0.0,1.2000000000002728,0.00059775840597772,0.00059775840597772,-22.562462640000042,-0.011246403151730333
2026-06-30T11:05:00,2006.9,2007.5,-0.599999999999909,3,3,-1.7999999999997272,0.0,0.0,-1.7999999999997272,-0.0008969056754196657,-0.0008969056754196657,-24.36246263999977,-0.01214330882715
2026-06-30T11:10:00,2006.8,2006.9,-0.10000000000013642,3,3,-0.3000000000004093,0.0,0.0,-0.3000000000004093,-0.00014949172812458105,-0.00014949172812458105,-24.66246264000018,-0.012292800555274581
2026-06-30T11:15:00,2007.1,2006.8,0.2999999999999545,3,3,0.8999999999998636,0.0,0.0,0.8999999999998636,0.00044840815106365585,0.00044840815106365585,-23.762462640000315,-0.011844392404210926
2026-06-30T11:20:00,2007.8,2007.1,0.7000000000000455,3,3,2.1000000000001364,0.0,0.0,2.1000000000001364,0.0010459209084570857,0.0010459209084570857,-21.66246264000018,-0.01079847149575384
2026-06-30T11:25:00,2007.9,2007.8,0.10000000000013642,3,3,0.3000000000004093,0.0,0.0,0.3000000000004093,0.0001494098311670946,0.0001494098311670946,-21.36246263999977,-0.010649061664586745
2026-06-30T13:00:00,2008.6,2007.9,0.6999999999998181,3,2,2.0999999999994543,0.47518928,47518.928,1.6248107199994544,0.0010455043313748154,0.0008089269740114778,-19.737651920000314,-0.009840134690575267
2026-06-30T13:05:00,2009.6,2008.6,1.0,2,1,2.0,0.47537408,47537.407999999996,1.52462592,0.0009952229299363057,0.0007586713375796178,-18.213026000000312,-0.00908146335299565
2026-06-30T13:10:00,2008.3,2009.6,-1.2999999999999545,1,1,-1.2999999999999545,0.0,0.0,-1.2999999999999545,-0.0006473136483592862,-0.0006473136483592862,-19.513026000000266,-0.009728777001354936
2026-06-30T13:15:00,2007.3,2008.3,-1.0,1,1,-1.0,0.0,0.0,-1.0,-0.0004981816370248593,-0.0004981816370248593,-20.513026000000266,-0.010226958638379795
2026-06-30T13:20:00,2007.7,2007.3,0.40000000000009095,1,0,0.40000000000009095,0.47502296,47502.296,-0.07502295999990904,0.00019923295313049308,-3.7367614683423366e-05,-20.588048960000176,-0.010264326253063219
2026-06-30T13:25:00,2007.4,2007.7,-0.2999999999999545,0,0,-0.0,0.0,0.0,-0.0,-0.0,-0.0,-20.588048960000176,-0.010264326253063219
2026-06-30T13:30:00,2007.5,2007.4,0.09999999999990905,0,0,0.0,0.0,0.0,0.0,0.0,0.0,-20.588048960000176,-0.010264326253063219
2026-06-30T13:35:00,2007.2,2007.5,-0.2999999999999545,0,0,-0.0,0.0,0.0,-0.0,-0.0,-0.0,-20.588048960000176,-0.010264326253063219
2026-06-30T13:40:00,2006.6,2007.2,-0.6000000000001364,0,0,-0.0,0.0,0.0,-0.0,-0.0,-0.0,-20.588048960000176,-0.010264326253063219
2026-06-30T13:45:00,2006.7,2006.6,0.10000000000013642,0,-2,0.0,0.94967632,94967.632,-0.94967632,0.0,-0.0004732527632431355,-21.537725280000174,-0.010737579016306354
2026-06-30T13:50:00,2007.0,2006.7,0.2999999999999545,-2,-2,-0.599999999999909,0.0,0.0,-0.599999999999909,-0.00029895366218231644,-0.00029895366218231644,-22.137725280000083,-0.011036532678488671
2026-06-30T13:55:00,2006.9,2007.0,-0.09999999999990905,-2,-2,0.1999999999998181,0.0,0.0,0.1999999999998181,9.96561861576651e-05,9.96561861576651e-05,-21.937725280000265,-0.010936876492331006
2026-06-30T14:00:00,2005.5,2006.9,-1.400000000000091,-2,-2,2.800000000000182,0.0,0.0,2.800000000000182,0.001396160558464314,0.001396160558464314,-19.137725280000083,-0.009540715933866692
2026-06-30T14:05:00,2003.8,2005.5,-1.7000000000000455,-2,-2,3.400000000000091,0.0,0.0,3.400000000000091,0.001696776125361858,0.001696776125361858,-15.737725279999992,-0.007843939808504834
2026-06-30T14:10:00,2003.5,2003.8,-0.2999999999999545,-2,-2,0.599999999999909,0.0,0.0,0.599999999999909,0.00029947591714495086,0.00029947591714495086,-15.137725280000083,-0.007544463891359883
2026-06-30T14:15:00,2000.0,2003.5,-3.5,-2,-1,7.0,0.104,10400.0,6.896,0.0035,0.003448,-8.241725280000082,-0.004096463891359883
2026-06-30T14:20:00,1998.3,2000.0,-1.7000000000000455,-1,0,1.7000000000000455,0.104,10400.0,1.5960000000000454,0.0008507231146474731,0.0007986788770455115,-6.645725280000037,-0.003297785014314372
2026-06-30T14:25:00,1998.2,1998.3,-0.09999999999990905,0,0,-0.0,0.0,0.0,-0.0,-0.0,-0.0,-6.645725280000037,-0.003297785014314372
2026-07-01T09:35:00,2007.0,,0.0,0,4,0.0,0.416,41600.0,-0.416,0.0,-0.00020727453911310414,-0.416,-0.00020727453911310414
2026-07-01T09:40:00,2007.9,2007.0,0.900000000000091,4,4,3.600000000000364,0.0,0.0,3.600000000000364,0.0017929179740028705,0.0017929179740028705,3.184000000000364,0.0015856434348897664
2026-07-01T09:45:00,2008.8,2007.9,0.8999999999998636,4,4,3.5999999999994543,0.0,0.0,3.5999999999994543,0.00179211469534023,0.00179211469534023,6.783999999999818,0.0033777581302299967
2026-07-01T09:50:00,2009.8,2008.8,1.0,4,4,4.0,0.0,0.0,4.0,0.0019902477858493384,0.0019902477858493384,10.783999999999818,0.005368005916079335
2026-07-01T09:55:00,2008.8,2009.8,-1.0,4,4,-4.0,0.0,0.0,-4.0,-0.0019912385503783356,-0.0019912385503783356,6.783999999999818,0.0033767673657009996
2026-07-01T10:00:00,2008.4,2008.8,-0.3999999999998636,4,4,-1.5999999999994543,0.0,0.0,-1.5999999999994543,-0.0007966540529772228,-0.0007966540529772228,5.184000000000363,0.0025801133127237768
2026-07-01T10:05:00,2008.6,2008.4,0.1999999999998181,4,4,0.7999999999992724,0.0,0.0,0.7999999999992724,0.0003982873643330043,0.0003982873643330043,5.983999999999636,0.0029784006770567813
2026-07-01T10:10:00,2008.8,2008.6,0.20000000000004547,4,4,0.8000000000001819,0.0,0.0,0.8000000000001819,0.00039824771007575764,0.00039824771007575764,6.783999999999818,0.003376648387132539
2026-07-01T10:15:00,2010.0,2008.8,1.2000000000000455,4,4,4.800000000000182,0.0,0.0,4.800000000000182,0.002388059701492628,0.002388059701492628,11.584,0.0057647080886251666
2026-07-01T10:20:00,2011.9,2010.0,1.900000000000091,4,4,7.600000000000364,0.0,0.0,7.600000000000364,0.003777523733784166,0.003777523733784166,19.184000000000363,0.009542231822409333
2026-07-01T10:25:00,2012.7,2011.9,0.7999999999999545,4,2,3.199999999999818,0.9518939200000001,95189.392,2.2481060799998183,0.001589904108908341,0.001116960341829293,21.43210608000018,0.010659192164238626
2026-07-01T10:30:00,2012.8,2012.7,0.09999999999990905,2,3,0.1999999999998181,0.104,10400.0,0.0959999999998181,9.936406995221487e-05,4.7694753577016144e-05,21.52810608,0.010706886917815642
2026-07-01T10:35:00,2015.3,2012.8,2.5,3,3,7.5,0.0,0.0,7.5,0.0037215302932565872,0.0037215302932565872,29.02810608,0.014428417211072228
2026-07-01T10:40:00,2014.0,2015.3,-1.2999999999999545,3,4,-3.8999999999998636,0.104,10400.0,-4.003999999999864,-0.0019364448857993365,-0.0019880834160873207,25.024106080000138,0.012440333794984907
2026-07-01T10:45:00,2013.8,2014.0,-0.20000000000004547,4,4,-0.8000000000001819,0.0,0.0,-0.8000000000001819,-0.00039725891349696194,-0.00039725891349696194,24.224106079999956,0.012043074881487946
2026-07-01T10:50:00,2013.3,2013.8,-0.5,4,4,-2.0,0.0,0.0,-2.0,-0.0009933939303630856,-0.0009933939303630856,22.224106079999956,0.01104968095112486
2026-07-01T10:55:00,2012.9,2013.3,-0.3999999999998636,4,4,-1.5999999999994543,0.0,0.0,-1.5999999999994543,-0.0007948730687065697,-0.0007948730687065697,20.6241060800005,0.01025480788241829
2026-07-01T11:00:00,2013.7,2012.9,0.7999999999999545,4,4,3.199999999999818,0.0,0.0,3.199999999999818,0.0015891145652280965,0.0015891145652280965,23.82410608000032,0.011843922447646387
2026-07-01T11:05:00,2013.5,2013.7,-0.20000000000004547,4,4,-0.8000000000001819,0.0,0.0,-0.8000000000001819,-0.00039731810280614946,-0.00039731810280614946,23.024106080000138,0.011446604344840237
2026-07-01T11:10:00,2013.3,2013.5,-0.20000000000004547,4,3,-0.8000000000001819,0.47605784,47605.784,-1.2760578400001819,-0.00039735757214532454,-0.0006338140565242049,21.748048239999957,0.010812790288316032
2026-07-01T11:15:00,2013.4,2013.3,0.10000000000013642,3,3,0.3000000000004093,0.0,0.0,0.3000000000004093,0.00014900168868600837,0.00014900168868600837,22.048048240000366,0.01096179197700204
2026-07-01T11:20:00,2013.9,2013.4,0.5,3,3,1.5,0.0,0.0,1.5,0.0007448234768359899,0.0007448234768359899,23.548048240000366,0.01170661545383803
2026-07-01T11:25:00,2015.0,2013.9,1.099999999999909,3,3,3.299999999999727,0.0,0.0,3.299999999999727,0.001637717121587954,0.001637717121587954,26.848048240000093,0.013344332575425983
2026-07-01T13:00:00,2015.9,2015.0,0.900000000000091,3,2,2.700000000000273,0.47653832,47653.832,2.223461680000273,0.0013393521504044212,0.001102962289796256,29.071509920000366,0.014447294865222239
2026-07-01T13:05:00,2015.3,2015.9,-0.6000000000001364,2,2,-1.2000000000002728,0.0,0.0,-1.2000000000002728,-0.0005954448469211893,-0.0005954448469211893,27.871509920000094,0.013851850018301049
2026-07-01T13:10:00,2015.8,2015.3,0.5,2,2,1.0,0.0,0.0,1.0,0.0004960809604127393,0.0004960809604127393,28.871509920000094,0.014347930978713789
2026-07-01T13:15:00,2015.9,2015.8,0.10000000000013642,2,2,0.20000000000027285,0.0,0.0,0.20000000000027285,9.921127040045282e-05,9.921127040045282e-05,29.071509920000366,0.014447142249114241
2026-07-01T13:20:00,2016.0,2015.9,0.09999999999990905,2,2,0.1999999999998181,0.0,0.0,0.1999999999998181,9.920634920625897e-05,9.920634920625897e-05,29.271509920000184,0.0145463485983205
2026-07-01T13:25:00,2013.6,2016.0,-2.400000000000091,2,2,-4.800000000000182,0.0,0.0,-4.800000000000182,-0.002383790226460162,-0.002383790226460162,24.471509920000003,0.012162558371860338
2026-07-01T13:30:00,2013.5,2013.6,-0.09999999999990905,2,2,-0.1999999999998181,0.0,0.0,-0.1999999999998181,-9.932952570142443e-05,-9.932952570142443e-05,24.271509920000184,0.012063228846158914
2026-07-01T13:35:00,2012.6,2013.5,-0.900000000000091,2,2,-1.800000000000182,0.0,0.0,-1.800000000000182,-0.0008943654973666809,-0.0008943654973666809,22.471509920000003,0.011168863348792234
2026-07-01T13:40:00,2012.1,2012.6,-0.5,2,2,-1.0,0.0,0.0,-1.0,-0.0004969931911932807,-0.0004969931911932807,21.471509920000003,0.010671870157598953
2026-07-01T13:45:00,2012.7,2012.1,0.6000000000001364,2,2,1.2000000000002728,0.0,0.0,1.2000000000002728,0.0005962140408407974,0.0005962140408407974,22.671509920000275,0.01126808419843975
2026-07-01T13:50:00,2013.2,2012.7,0.5,2,1,1.0,0.47603936,47603.936,0.52396064,0.0004967216371945162,0.0002602625869262865,23.195470560000274,0.011528346785366036
2026-07-01T13:55:00,2012.4,2013.2,-0.7999999999999545,1,1,-0.7999999999999545,0.0,0.0,-0.7999999999999545,-0.0003975352812561889,-0.0003975352812561889,22.39547056000032,0.011130811504109847
2026-07-01T14:00:00,2013.2,2012.4,0.7999999999999545,1,1,0.7999999999999545,0.0,0.0,0.7999999999999545,0.00039737730975559035,0.00039737730975559035,23.195470560000274,0.011528188813865437
2026-07-01T14:05:00,2013.7,2013.2,0.5,1,1,0.5,0.0,0.0,0.5,0.0002482991508169042,0.0002482991508169042,23.695470560000274,0.011776487964682341
2026-07-01T14:10:00,2014.8,2013.7,1.099999999999909,1,2,1.099999999999909,0.104,10400.0,0.9959999999999091,0.0005459598967639017,0.0004943418701607649,24.691470560000184,0.012270829834843107
2026-07-01T14:15:00,2015.5,2014.8,0.7000000000000455,2,2,1.400000000000091,0.0,0.0,1.400000000000091,0.0006946167204168152,0.0006946167204168152,26.091470560000275,0.012965446555259922
2026-07-01T14:20:00,2014.0,2015.5,-1.5,2,3,-3.0,0.104,10400.0,-3.104,-0.0014895729890764648,-0.001541211519364449,22.987470560000276,0.011424235035895472
2026-07-01T14:25:00,2014.8,2014.0,0.7999999999999545,3,0,2.3999999999998636,1.4290051199999998,142900.512,0.9709948799998638,0.0011911852293030889,0.0004819311494936786,23.95846544000014,0.011906166185389151
2026-07-02T09:20:00,2022.5,,0.0,0,0,0.0,0.0,0.0,0.0,0.0,0.0,0.0,0.0
2026-07-02T09:25:00,2020.6,2022.5,-1.900000000000091,0,2,-0.0,0.208,20800.0,-0.208,-0.0,-0.00010293972087498763,-0.208,-0.00010293972087498763
2026-07-02T09:30:00,2020.0,2020.6,-0.599999999999909,2,3,-1.199999999999818,0.104,10400.0,-1.3039999999998182,-0.0005940594059405041,-0.0006455445544553555,-1.5119999999998182,-0.0007484842753303432
2026-07-02T09:35:00,2016.8,2020.0,-3.2000000000000455,3,3,-9.600000000000136,0.0,0.0,-9.600000000000136,-0.004760015866719623,-0.004760015866719623,-11.111999999999954,-0.005508500142049967
2026-07-02T09:40:00,2016.1,2016.8,-0.7000000000000455,3,2,-2.1000000000001364,0.47657528,47657.528,-2.5765752800001365,-0.001041614999256057,-0.0012779997420763536,-13.68857528000009,-0.00678649988412632
2026-07-02T09:45:00,2015.5,2016.1,-0.599999999999909,2,1,-1.199999999999818,0.4764644,47646.44,-1.6764643999998181,-0.0005953857603571412,-0.0008317858595881013,-15.365039679999908,-0.0076182857437144215
2026-07-02T09:50:00,2015.2,2015.5,-0.2999999999999545,1,0,-0.2999999999999545,0.47640896,47640.896,-0.7764089599999545,-0.00014886859865023547,-0.00038527637951565825,-16.14144863999986,-0.00800356212323008
2026-07-02T09:55:00,2016.5,2015.2,1.2999999999999545,0,-3,0.0,1.4299476,142994.76,-1.4299476,0.0,-0.0007091235308703199,-17.57139623999986,-0.0087126856541004
2026-07-02T10:00:00,2017.3,2016.5,0.7999999999999545,-3,-3,-2.3999999999998636,0.0,0.0,-2.3999999999998636,-0.0011897090170028572,-0.0011897090170028572,-19.971396239999724,-0.009902394671103258
2026-07-02T10:05:00,2015.4,2017.3,-1.8999999999998636,-3,0,5.699999999999591,0.312,31200.0,5.3879999999995905,0.00282822268532281,0.0026734147067577606,-14.583396240000134,-0.0072289799643454975
2026-07-02T10:10:00,2016.3,2015.4,0.8999999999998636,0,0,0.0,0.0,0.0,0.0,0.0,0.0,-14.583396240000134,-0.0072289799643454975
2026-07-02T10:15:00,2015.5,2016.3,-0.7999999999999545,0,0,-0.0,0.0,0.0,-0.0,-0.0,-0.0,-14.583396240000134,-0.0072289799643454975
2026-07-02T10:20:00,2016.0,2015.5,0.5,0,0,0.0,0.0,0.0,0.0,0.0,0.0,-14.583396240000134,-0.0072289799643454975
2026-07-02T10:25:00,2015.7,2016.0,-0.2999999999999545,0,0,-0.0,0.0,0.0,-0.0,-0.0,-0.0,-14.583396240000134,-0.0072289799643454975
2026-07-02T10:30:00,2013.2,2015.7,-2.5,0,1,-0.0,0.104,10400.0,-0.104,-0.0,-5.1659050268229684e-05,-14.687396240000133,-0.007280639014613727
2026-07-02T10:35:00,2013.7,2013.2,0.5,1,0,0.5,0.47613176,47613.176,0.023868239999999985,0.0002482991508169042,1.1852927446988153e-05,-14.663528000000133,-0.007268786087166739
2026-07-02T10:40:00,2013.1,2013.7,-0.6000000000001364,0,0,-0.0,0.0,0.0,-0.0,-0.0,-0.0,-14.663528000000133,-0.007268786087166739
2026-07-02T10:45:00,2014.7,2013.1,1.6000000000001364,0,-2,0.0,0.95263312,95263.312,-0.95263312,0.0,-0.00047284117734650325,-15.616161120000132,-0.007741627264513242
2026-07-02T10:50:00,2016.5,2014.7,1.7999999999999545,-2,-2,-3.599999999999909,0.0,0.0,-3.599999999999909,-0.0017852715100421072,-0.0017852715100421072,-19.21616112000004,-0.00952689877455535
2026-07-02T10:55:00,2018.3,2016.5,1.7999999999999545,-2,-1,-3.599999999999909,0.104,10400.0,-3.703999999999909,-0.0017836793340930035,-0.0018352078481890248,-22.92016111999995,-0.011362106622744374
2026-07-02T11:00:00,2017.1,2018.3,-1.2000000000000455,-1,0,1.2000000000000455,0.104,10400.0,1.0960000000000454,0.0005949134896634007,0.0005433543205592413,-21.824161119999903,-0.010818752302185132
2026-07-02T11:05:00,2017.3,2017.1,0.20000000000004547,0,2,0.0,0.208,20800.0,-0.208,0.0,-0.00010310811480692014,-22.032161119999902,-0.010921860416992052
2026-07-02T11:10:00,2017.1,2017.3,-0.20000000000004547,2,2,-0.40000000000009095,0.0,0.0,-0.40000000000009095,-0.00019830449655450447,-0.00019830449655450447,-22.432161119999993,-0.011120164913546556
2026-07-02T11:15:00,2016.7,2017.1,-0.3999999999998636,2,2,-0.7999999999997272,0.0,0.0,-0.7999999999997272,-0.00039668765805510347,-0.00039668765805510347,-23.23216111999972,-0.01151685257160166
2026-07-02T11:20:00,2017.2,2016.7,0.5,2,2,1.0,0.0,0.0,1.0,0.00049573666468372,0.00049573666468372,-22.23216111999972,-0.01102111590691794
2026-07-02T11:25:00,2017.4,2017.2,0.20000000000004547,2,2,0.40000000000009095,0.0,0.0,0.40000000000009095,0.00019827500743535784,0.00019827500743535784,-21.83216111999963,-0.010822840899482582
2026-07-02T13:00:00,2014.0,2017.4,-3.400000000000091,2,3,-6.800000000000182,0.104,10400.0,-6.904000000000182,-0.003376365441906744,-0.003428003972194728,-28.73616111999981,-0.01425084487167731
2026-07-02T13:05:00,2013.7,2014.0,-0.2999999999999545,3,2,-0.8999999999998636,0.47613176,47613.176,-1.3761317599998635,-0.0004469384714703598,-0.0006833846948402758,-30.112292879999675,-0.014934229566517587
2026-07-02T13:10:00,2014.4,2013.7,0.7000000000000455,2,1,1.400000000000091,0.47626112,47626.112,0.923738880000091,0.0006949960285941674,0.0004585677521843183,-29.188553999999584,-0.014475661814333268
2026-07-02T13:15:00,2014.2,2014.4,-0.20000000000004547,1,0,-0.20000000000004547,0.47622416000000006,47622.416000000005,-0.6762241600000456,-9.929500546124787e-05,-0.00033572840830108503,-29.86477815999963,-0.014811390222634353
2026-07-02T13:20:00,2014.0,2014.2,-0.20000000000004547,0,0,-0.0,0.0,0.0,-0.0,-0.0,-0.0,-29.86477815999963,-0.014811390222634353
2026-07-02T13:25:00,2012.7,2014.0,-1.2999999999999545,0,0,-0.0,0.0,0.0,-0.0,-0.0,-0.0,-29.86477815999963,-0.014811390222634353
2026-07-02T13:30:00,2013.6,2012.7,0.8999999999998636,0,-2,0.0,0.95222656,95222.656,-0.95222656,0.0,-0.00047289757647993644,-30.81700471999963,-0.01528428779911429
2026-07-02T13:35:00,2013.6,2013.6,0.0,-2,-3,-0.0,0.47611328,47611.328,-0.47611328,-0.0,-0.00023644878823996822,-31.29311799999963,-0.015520736587354257
2026-07-02T13:40:00,2013.1,2013.6,-0.5,-3,-3,1.5,0.0,0.0,1.5,0.000745119467487954,0.000745119467487954,-29.79311799999963,-0.014775617119866304
2026-07-02T13:45:00,2013.8,2013.1,0.7000000000000455,-3,-3,-2.1000000000001364,0.0,0.0,-2.1000000000001364,-0.0010428046479293556,-0.0010428046479293556,-31.893117999999767,-0.01581842176779566
2026-07-02T13:50:00,2008.5,2013.8,-5.2999999999999545,-3,-2,15.899999999999864,0.104,10400.0,15.795999999999864,0.007916355489170955,0.007864575553895874,-16.097117999999902,-0.007953846213899786
2026-07-02T13:55:00,2007.8,2008.5,-0.7000000000000455,-2,-2,1.400000000000091,0.0,0.0,1.400000000000091,0.0006972806056380571,0.0006972806056380571,-14.697117999999811,-0.007256565608261729
2026-07-02T14:00:00,2008.1,2007.8,0.2999999999999545,-2,-2,-0.599999999999909,0.0,0.0,-0.599999999999909,-0.0002987899009013043,-0.0002987899009013043,-15.29711799999972,-0.007555355509163033
2026-07-02T14:05:00,2007.3,2008.1,-0.7999999999999545,-2,-2,1.599999999999909,0.0,0.0,1.599999999999909,0.0007970906192397296,0.0007970906192397296,-13.697117999999811,-0.006758264889923303
2026-07-02T14:10:00,2004.8,2007.3,-2.5,-2,-2,5.0,0.0,0.0,5.0,0.0024940143655227454,0.0024940143655227454,-8.697117999999811,-0.004264250524400558
2026-07-02T14:15:00,2008.8,2004.8,4.0,-2,-3,-8.0,0.47522624,47522.624,-8.47522624,-0.003982477100756671,-0.0042190493030665075,-17.17234423999981,-0.008483299827467067
2026-07-02T14:20:00,2012.5,2008.8,3.7000000000000455,-3,-4,-11.100000000000136,0.47591,47591.0,-11.575910000000137,-0.005515527950310627,-0.005752004968944168,-28.748254239999945,-0.014235304796411235
2026-07-02T14:25:00,2011.7,2012.5,-0.7999999999999545,-4,0,3.199999999999818,0.416,41600.0,2.783999999999818,0.0015906944375402982,0.0013839041606600476,-25.964254240000127,-0.012851400635751187
