day,timestamp,model,window,action,side,position_before,position_after,position_delta,buy_units,sell_units,turnover,close,buy_cost_vnd,sell_fixed_cost_vnd,sell_tax_cost_vnd,cost_vnd,cost_points,bar_net_pnl_points,net_return
2026-04-22,2026-04-22 09:05:00,decoder_tft,wf_10_2026-01-01_2026-05-11,open_short,sell,0.0,-2.0,-2.0,0.0,2.0,2.0,2001.7,0.0,20800.0,73982.83200000001,94782.83200000001,0.9478283200000001,-0.94782832,-0.0004735116750761
2026-04-22,2026-04-22 09:10:00,decoder_tft,wf_10_2026-01-01_2026-05-11,reduce_short,buy,-2.0,-1.0,1.0,1.0,0.0,1.0,2002.7,10400.0,0.0,0.0,10400.0,0.104,-2.104,-0.0010510806165285
2026-04-22,2026-04-22 09:15:00,decoder_tft,wf_10_2026-01-01_2026-05-11,increase_short,sell,-1.0,-2.0,-1.0,0.0,1.0,1.0,2002.0,0.0,10400.0,36996.96,47396.96,0.4739696,0.2260304000000454,0.000112780085067
2026-04-22,2026-04-22 10:55:00,decoder_tft,wf_10_2026-01-01_2026-05-11,increase_short,sell,-2.0,-3.0,-1.0,0.0,1.0,1.0,1988.1,0.0,10400.0,36740.087999999996,47140.087999999996,0.47140087999999997,2.52859912,0.0012707295200652
2026-04-22,2026-04-22 13:00:00,decoder_tft,wf_10_2026-01-01_2026-05-11,reduce_short,buy,-3.0,-2.0,1.0,1.0,0.0,1.0,1987.0,10400.0,0.0,0.0,10400.0,0.104,-2.2040000000001365,-0.001109582319817
2026-04-22,2026-04-22 13:10:00,decoder_tft,wf_10_2026-01-01_2026-05-11,reduce_short,buy,-2.0,-1.0,1.0,1.0,0.0,1.0,1990.8,10400.0,0.0,0.0,10400.0,0.104,-6.303999999999818,-0.0031714232807027
2026-04-22,2026-04-22 13:15:00,decoder_tft,wf_10_2026-01-01_2026-05-11,close_short,buy,-1.0,0.0,1.0,1.0,0.0,1.0,1993.0,10400.0,0.0,0.0,10400.0,0.104,-2.3040000000000456,-0.0011572660228017
2026-04-22,2026-04-22 13:20:00,decoder_tft,wf_10_2026-01-01_2026-05-11,open_long,buy,0.0,1.0,1.0,1.0,0.0,1.0,1994.3,10400.0,0.0,0.0,10400.0,0.104,-0.104,-5.2148623577195e-05
2026-04-22,2026-04-22 13:25:00,decoder_tft,wf_10_2026-01-01_2026-05-11,increase_long,buy,1.0,2.0,1.0,1.0,0.0,1.0,1998.0,10400.0,0.0,0.0,10400.0,0.104,3.5960000000000454,0.0018032355175211
2026-04-22,2026-04-22 13:30:00,decoder_tft,wf_10_2026-01-01_2026-05-11,increase_long,buy,2.0,3.0,1.0,1.0,0.0,1.0,2004.1,10400.0,0.0,0.0,10400.0,0.104,12.09599999999982,0.0060542124880231
2026-04-22,2026-04-22 13:40:00,decoder_tft,wf_10_2026-01-01_2026-05-11,increase_long,buy,3.0,4.0,1.0,1.0,0.0,1.0,2006.9,10400.0,0.0,0.0,10400.0,0.104,5.596000000000273,0.0027910715512776
2026-04-22,2026-04-22 14:30:00,decoder_tft,wf_10_2026-01-01_2026-05-11,close_long,sell,4.0,0.0,-4.0,0.0,4.0,4.0,2040.0,0.0,41600.0,150796.80000000002,192396.80000000002,1.9239680000000001,-7.523968000000364,-0.0036863370090118
2026-04-23,2026-04-23 09:05:00,decoder_tft,wf_10_2026-01-01_2026-05-11,open_long,buy,0.0,4.0,4.0,4.0,0.0,4.0,2045.2,41600.0,0.0,0.0,41600.0,0.416,-0.416,-0.0002034030901623
2026-04-23,2026-04-23 09:15:00,decoder_tft,wf_10_2026-01-01_2026-05-11,reduce_long,sell,4.0,3.0,-1.0,0.0,1.0,1.0,2037.3,0.0,10400.0,37649.304,48049.304,0.48049304,-8.080493040000365,-0.0039627997014105
2026-04-23,2026-04-23 09:40:00,decoder_tft,wf_10_2026-01-01_2026-05-11,reduce_long,sell,3.0,2.0,-1.0,0.0,1.0,1.0,2037.3,0.0,10400.0,37649.304,48049.304,0.48049304,-13.680493040000274,-0.0067010485237816
2026-04-23,2026-04-23 10:05:00,decoder_tft,wf_10_2026-01-01_2026-05-11,reduce_long,sell,2.0,1.0,-1.0,0.0,1.0,1.0,2037.5,0.0,10400.0,37653.0,48053.0,0.48053,2.119469999999909,0.0010410453765976
2026-04-23,2026-04-23 10:10:00,decoder_tft,wf_10_2026-01-01_2026-05-11,increase_long,buy,1.0,2.0,1.0,1.0,0.0,1.0,2043.6,10400.0,0.0,0.0,10400.0,0.104,5.995999999999909,0.0029429744454331
2026-04-23,2026-04-23 10:25:00,decoder_tft,wf_10_2026-01-01_2026-05-11,reduce_long,sell,2.0,1.0,-1.0,0.0,1.0,1.0,2037.1,0.0,10400.0,37645.608,48045.608,0.48045608,-4.880456080000091,-0.0023934560665563
2026-04-23,2026-04-23 10:35:00,decoder_tft,wf_10_2026-01-01_2026-05-11,close_long,sell,1.0,0.0,-1.0,0.0,1.0,1.0,2029.0,0.0,10400.0,37495.92,47895.92,0.4789592,-9.778959199999957,-0.0047986824942469
2026-04-23,2026-04-23 13:20:00,decoder_tft,wf_10_2026-01-01_2026-05-11,open_short,sell,0.0,-2.0,-2.0,0.0,2.0,2.0,2016.7,0.0,20800.0,74537.232,95337.232,0.95337232,-0.95337232,-0.0004727387910943
2026-04-23,2026-04-23 14:20:00,decoder_tft,wf_10_2026-01-01_2026-05-11,reduce_short,buy,-2.0,-1.0,1.0,1.0,0.0,1.0,2015.0,10400.0,0.0,0.0,10400.0,0.104,-6.904000000000182,-0.0034320066196705
2026-04-23,2026-04-23 14:30:00,decoder_tft,wf_10_2026-01-01_2026-05-11,close_short,buy,-1.0,0.0,1.0,1.0,0.0,1.0,2023.9,10400.0,0.0,0.0,10400.0,0.104,-5.004000000000091,-0.0024783299697392
2026-04-24,2026-04-24 14:00:00,decoder_tft,wf_10_2026-01-01_2026-05-11,open_long,buy,0.0,1.0,1.0,1.0,0.0,1.0,2013.8,10400.0,0.0,0.0,10400.0,0.104,-0.104,-5.164365875459331e-05
2026-04-24,2026-04-24 14:05:00,decoder_tft,wf_10_2026-01-01_2026-05-11,increase_long,buy,1.0,2.0,1.0,1.0,0.0,1.0,2017.8,10400.0,0.0,0.0,10400.0,0.104,3.896,0.0019347532848994
2026-04-24,2026-04-24 14:15:00,decoder_tft,wf_10_2026-01-01_2026-05-11,reduce_long,sell,2.0,1.0,-1.0,0.0,1.0,1.0,2007.0,0.0,10400.0,37089.36,47489.36,0.4748936,-13.674893599999818,-0.0067920417575434
2026-04-24,2026-04-24 14:30:00,decoder_tft,wf_10_2026-01-01_2026-05-11,close_long,sell,1.0,0.0,-1.0,0.0,1.0,1.0,2014.9,0.0,10400.0,37235.352,47635.352,0.47635352,1.923646480000091,0.0009561311190635
2026-04-28,2026-04-28 09:05:00,decoder_tft,wf_10_2026-01-01_2026-05-11,open_long,buy,0.0,2.0,2.0,2.0,0.0,2.0,2017.5,20800.0,0.0,0.0,20800.0,0.208,-0.208,-0.0001030978934324
2026-04-28,2026-04-28 09:40:00,decoder_tft,wf_10_2026-01-01_2026-05-11,reduce_long,sell,2.0,1.0,-1.0,0.0,1.0,1.0,2019.6,0.0,10400.0,37322.208,47722.208,0.47722208,0.9227779199996362,0.0004571515809308
2026-04-28,2026-04-28 09:55:00,decoder_tft,wf_10_2026-01-01_2026-05-11,close_long,sell,1.0,0.0,-1.0,0.0,1.0,1.0,2018.1,0.0,10400.0,37294.488,47694.488,0.47694487999999996,-0.5769448800001364,-0.0002858827238937
2026-04-28,2026-04-28 10:20:00,decoder_tft,wf_10_2026-01-01_2026-05-11,open_long,buy,0.0,1.0,1.0,1.0,0.0,1.0,2022.8,10400.0,0.0,0.0,10400.0,0.104,-0.104,-5.141388174807198e-05
2026-04-28,2026-04-28 10:35:00,decoder_tft,wf_10_2026-01-01_2026-05-11,close_long,sell,1.0,0.0,-1.0,0.0,1.0,1.0,2021.3,0.0,10400.0,37353.624,47753.624,0.47753624000000006,-0.377536240000091,-0.0001867764767446
2026-04-28,2026-04-28 10:40:00,decoder_tft,wf_10_2026-01-01_2026-05-11,open_long,buy,0.0,2.0,2.0,2.0,0.0,2.0,2028.3,20800.0,0.0,0.0,20800.0,0.208,-0.208,-0.0001025489326036
2026-04-28,2026-04-28 10:50:00,decoder_tft,wf_10_2026-01-01_2026-05-11,increase_long,buy,2.0,3.0,1.0,1.0,0.0,1.0,2034.0,10400.0,0.0,0.0,10400.0,0.104,11.09599999999982,0.0054704625972934
2026-04-28,2026-04-28 13:00:00,decoder_tft,wf_10_2026-01-01_2026-05-11,reduce_long,sell,3.0,2.0,-1.0,0.0,1.0,1.0,2037.0,0.0,10400.0,37643.76,48043.76,0.4804376,-10.680437600000271,-0.0052348752737751
2026-04-28,2026-04-28 13:05:00,decoder_tft,wf_10_2026-01-01_2026-05-11,reduce_long,sell,2.0,1.0,-1.0,0.0,1.0,1.0,2031.0,0.0,10400.0,37532.88,47932.88,0.4793288,-12.4793288,-0.0061270225026086
2026-04-28,2026-04-28 13:10:00,decoder_tft,wf_10_2026-01-01_2026-05-11,close_long,sell,1.0,0.0,-1.0,0.0,1.0,1.0,2030.0,0.0,10400.0,37514.4,47914.4,0.479144,-1.479144,-0.0007283998185756
2026-04-29,2026-04-29 09:15:00,decoder_tft,wf_10_2026-01-01_2026-05-11,open_long,buy,0.0,2.0,2.0,2.0,0.0,2.0,2034.3,20800.0,0.0,0.0,20800.0,0.208,-0.208,-0.0001022464729882
2026-04-29,2026-04-29 09:20:00,decoder_tft,wf_10_2026-01-01_2026-05-11,reduce_long,sell,2.0,1.0,-1.0,0.0,1.0,1.0,2036.4,0.0,10400.0,37632.672000000006,48032.672000000006,0.48032672000000004,3.719673280000273,0.0018287217264343
2026-04-29,2026-04-29 09:40:00,decoder_tft,wf_10_2026-01-01_2026-05-11,close_long,sell,1.0,0.0,-1.0,0.0,1.0,1.0,2032.8,0.0,10400.0,37566.144,47966.144,0.47966144,-2.0796614400001365,-0.0010224336303266
2026-04-29,2026-04-29 13:50:00,decoder_tft,wf_10_2026-01-01_2026-05-11,open_long,buy,0.0,1.0,1.0,1.0,0.0,1.0,2032.0,10400.0,0.0,0.0,10400.0,0.104,-0.104,-5.118110236220472e-05
2026-04-29,2026-04-29 14:05:00,decoder_tft,wf_10_2026-01-01_2026-05-11,close_long,sell,1.0,0.0,-1.0,0.0,1.0,1.0,2028.6,0.0,10400.0,37488.528,47888.528,0.47888527999999997,-0.2788852800001818,-0.0001374670018849
2026-05-04,2026-05-04 09:15:00,decoder_tft,wf_10_2026-01-01_2026-05-11,open_long,buy,0.0,3.0,3.0,3.0,0.0,3.0,2048.0,31200.0,0.0,0.0,31200.0,0.312,-0.312,-0.00015234375
2026-05-04,2026-05-04 09:20:00,decoder_tft,wf_10_2026-01-01_2026-05-11,reduce_long,sell,3.0,2.0,-1.0,0.0,1.0,1.0,2043.0,0.0,10400.0,37754.64,48154.64,0.4815464,-15.4815464,-0.0075599242810817
2026-05-04,2026-05-04 09:35:00,decoder_tft,wf_10_2026-01-01_2026-05-11,reduce_long,sell,2.0,1.0,-1.0,0.0,1.0,1.0,2039.6,0.0,10400.0,37691.808,48091.808,0.48091807999999997,-4.48091808,-0.0021950380391753
2026-05-04,2026-05-04 09:55:00,decoder_tft,wf_10_2026-01-01_2026-05-11,close_long,sell,1.0,0.0,-1.0,0.0,1.0,1.0,2035.9,0.0,10400.0,37623.432,48023.432,0.48023432,-5.180234319999818,-0.0025391272029685
2026-05-04,2026-05-04 10:30:00,decoder_tft,wf_10_2026-01-01_2026-05-11,open_short,sell,0.0,-2.0,-2.0,0.0,2.0,2.0,2031.2,0.0,20800.0,75073.152,95873.152,0.9587315200000001,-0.95873152,-0.0004720025206774
2026-05-04,2026-05-04 11:05:00,decoder_tft,wf_10_2026-01-01_2026-05-11,increase_short,sell,-2.0,-3.0,-1.0,0.0,1.0,1.0,2019.8,0.0,10400.0,37325.904,47725.904,0.47725904,4.122740959999909,0.0020385725198717
2026-05-04,2026-05-04 11:25:00,decoder_tft,wf_10_2026-01-01_2026-05-11,reduce_short,buy,-3.0,-2.0,1.0,1.0,0.0,1.0,2024.4,10400.0,0.0,0.0,10400.0,0.104,4.396,0.0021698617602698
2026-05-04,2026-05-04 13:15:00,decoder_tft,wf_10_2026-01-01_2026-05-11,increase_short,sell,-2.0,-3.0,-1.0,0.0,1.0,1.0,2016.8,0.0,10400.0,37270.464,47670.464,0.47670464,0.7232953600002728,0.0003584581837498
2026-05-04,2026-05-04 13:40:00,decoder_tft,wf_10_2026-01-01_2026-05-11,reduce_short,buy,-3.0,-2.0,1.0,1.0,0.0,1.0,2017.7,10400.0,0.0,0.0,10400.0,0.104,7.695999999999727,0.0038092689135393
2026-05-04,2026-05-04 14:20:00,decoder_tft,wf_10_2026-01-01_2026-05-11,reduce_short,buy,-2.0,-1.0,1.0,1.0,0.0,1.0,2020.7,10400.0,0.0,0.0,10400.0,0.104,-9.104,-0.0045153101860383
2026-05-04,2026-05-04 14:25:00,decoder_tft,wf_10_2026-01-01_2026-05-11,close_short,buy,-1.0,0.0,1.0,1.0,0.0,1.0,2019.5,10400.0,0.0,0.0,10400.0,0.104,1.0960000000000454,0.0005423557195652
2026-05-05,2026-05-05 09:30:00,decoder_tft,wf_10_2026-01-01_2026-05-11,open_short,sell,0.0,-2.0,-2.0,0.0,2.0,2.0,2006.4,0.0,20800.0,74156.54400000001,94956.54400000001,0.9495654400000001,-0.94956544,-0.0004732682615629
2026-05-05,2026-05-05 09:40:00,decoder_tft,wf_10_2026-01-01_2026-05-11,reduce_short,buy,-2.0,-1.0,1.0,1.0,0.0,1.0,2011.8,10400.0,0.0,0.0,10400.0,0.104,-1.104,-0.0005488858710785
2026-05-05,2026-05-05 09:50:00,decoder_tft,wf_10_2026-01-01_2026-05-11,close_short,buy,-1.0,0.0,1.0,1.0,0.0,1.0,2011.9,10400.0,0.0,0.0,10400.0,0.104,1.995999999999909,0.0009910086623122
2026-05-05,2026-05-05 11:05:00,decoder_tft,wf_10_2026-01-01_2026-05-11,open_long,buy,0.0,1.0,1.0,1.0,0.0,1.0,2013.1,10400.0,0.0,0.0,10400.0,0.104,-0.104,-5.166161641249814e-05
2026-05-05,2026-05-05 11:10:00,decoder_tft,wf_10_2026-01-01_2026-05-11,increase_long,buy,1.0,2.0,1.0,1.0,0.0,1.0,2017.1,10400.0,0.0,0.0,10400.0,0.104,3.896,0.0019354260775303
2026-05-05,2026-05-05 11:20:00,decoder_tft,wf_10_2026-01-01_2026-05-11,reduce_long,sell,2.0,1.0,-1.0,0.0,1.0,1.0,2013.5,0.0,10400.0,37209.48,47609.48,0.47609480000000004,-4.076094799999909,-0.0020227858941279
2026-05-05,2026-05-05 13:25:00,decoder_tft,wf_10_2026-01-01_2026-05-11,increase_long,buy,1.0,2.0,1.0,1.0,0.0,1.0,2016.0,10400.0,0.0,0.0,10400.0,0.104,2.5960000000000454,0.0012894945044029
2026-05-05,2026-05-05 13:35:00,decoder_tft,wf_10_2026-01-01_2026-05-11,reduce_long,sell,2.0,1.0,-1.0,0.0,1.0,1.0,2012.0,0.0,10400.0,37181.76,47581.76,0.4758176,-7.275817600000182,-0.0036105099064836
2026-05-05,2026-05-05 13:45:00,decoder_tft,wf_10_2026-01-01_2026-05-11,increase_long,buy,1.0,2.0,1.0,1.0,0.0,1.0,2019.2,10400.0,0.0,0.0,10400.0,0.104,4.096000000000045,0.0020328616989064
2026-05-05,2026-05-05 13:50:00,decoder_tft,wf_10_2026-01-01_2026-05-11,increase_long,buy,2.0,3.0,1.0,1.0,0.0,1.0,2021.7,10400.0,0.0,0.0,10400.0,0.104,4.896,0.0024247863533278
2026-05-05,2026-05-05 14:00:00,decoder_tft,wf_10_2026-01-01_2026-05-11,increase_long,buy,3.0,4.0,1.0,1.0,0.0,1.0,2031.3,10400.0,0.0,0.0,10400.0,0.104,12.496000000000135,0.006164577492332
2026-05-05,2026-05-05 14:30:00,decoder_tft,wf_10_2026-01-01_2026-05-11,close_long,sell,4.0,0.0,-4.0,0.0,4.0,4.0,2035.7,0.0,41600.0,150478.94400000002,192078.94400000002,1.92078944,5.679210560000364,0.0027932949697077
2026-05-06,2026-05-06 09:05:00,decoder_tft,wf_10_2026-01-01_2026-05-11,open_long,buy,0.0,4.0,4.0,4.0,0.0,4.0,2047.9,41600.0,0.0,0.0,41600.0,0.416,-0.416,-0.0002031349186972
2026-05-06,2026-05-06 09:20:00,decoder_tft,wf_10_2026-01-01_2026-05-11,reduce_long,sell,4.0,3.0,-1.0,0.0,1.0,1.0,2047.8,0.0,10400.0,37843.344,48243.344,0.48243344,-3.282433440000182,-0.0016024400050508
2026-05-06,2026-05-06 09:40:00,decoder_tft,wf_10_2026-01-01_2026-05-11,reduce_long,sell,3.0,2.0,-1.0,0.0,1.0,1.0,2043.7,0.0,10400.0,37767.576,48167.576,0.48167576,-12.18167575999959,-0.0059496947370436
2026-05-06,2026-05-06 10:00:00,decoder_tft,wf_10_2026-01-01_2026-05-11,reduce_long,sell,2.0,1.0,-1.0,0.0,1.0,1.0,2041.9,0.0,10400.0,37734.312000000005,48134.312000000005,0.48134312000000007,-3.881343119999636,-0.0018994636259651
2026-05-06,2026-05-06 10:15:00,decoder_tft,wf_10_2026-01-01_2026-05-11,close_long,sell,1.0,0.0,-1.0,0.0,1.0,1.0,2038.9,0.0,10400.0,37678.872,48078.872,0.48078872,-1.080788719999909,-0.0005299976488049
2026-05-06,2026-05-06 13:15:00,decoder_tft,wf_10_2026-01-01_2026-05-11,open_long,buy,0.0,1.0,1.0,1.0,0.0,1.0,2044.7,10400.0,0.0,0.0,10400.0,0.104,-0.104,-5.086320731647675e-05
2026-05-06,2026-05-06 13:25:00,decoder_tft,wf_10_2026-01-01_2026-05-11,increase_long,buy,1.0,2.0,1.0,1.0,0.0,1.0,2047.3,10400.0,0.0,0.0,10400.0,0.104,4.195999999999954,0.0020539493069187
2026-05-06,2026-05-06 13:55:00,decoder_tft,wf_10_2026-01-01_2026-05-11,increase_long,buy,2.0,3.0,1.0,1.0,0.0,1.0,2053.1,10400.0,0.0,0.0,10400.0,0.104,9.09599999999982,0.0044404359353145
2026-05-06,2026-05-06 14:05:00,decoder_tft,wf_10_2026-01-01_2026-05-11,increase_long,buy,3.0,4.0,1.0,1.0,0.0,1.0,2061.6,10400.0,0.0,0.0,10400.0,0.104,9.195999999999728,0.0044674065501051
2026-05-06,2026-05-06 14:15:00,decoder_tft,wf_10_2026-01-01_2026-05-11,reduce_long,sell,4.0,3.0,-1.0,0.0,1.0,1.0,2058.0,0.0,10400.0,38031.840000000004,48431.840000000004,0.48431840000000004,-16.884318399999636,-0.0081883920621928
2026-05-06,2026-05-06 14:30:00,decoder_tft,wf_10_2026-01-01_2026-05-11,close_long,sell,3.0,0.0,-3.0,0.0,3.0,3.0,2062.8,0.0,31200.0,114361.63200000001,145561.632,1.45561632,-4.45561632,-0.0021592799548052
2026-05-07,2026-05-07 09:05:00,decoder_tft,wf_10_2026-01-01_2026-05-11,open_long,buy,0.0,3.0,3.0,3.0,0.0,3.0,2070.9,31200.0,0.0,0.0,31200.0,0.312,-0.312,-0.0001506591337099
2026-05-07,2026-05-07 09:30:00,decoder_tft,wf_10_2026-01-01_2026-05-11,reduce_long,sell,3.0,2.0,-1.0,0.0,1.0,1.0,2071.3,0.0,10400.0,38277.624,48677.624,0.48677624,-2.8867762399991816,-0.0013932552714685
2026-05-07,2026-05-07 09:50:00,decoder_tft,wf_10_2026-01-01_2026-05-11,reduce_long,sell,2.0,1.0,-1.0,0.0,1.0,1.0,2069.3,0.0,10400.0,38240.664000000004,48640.664000000004,0.48640664000000006,-0.8864066399996362,-0.0004283419433234
2026-05-07,2026-05-07 10:05:00,decoder_tft,wf_10_2026-01-01_2026-05-11,close_long,sell,1.0,0.0,-1.0,0.0,1.0,1.0,2066.0,0.0,10400.0,38179.68,48579.68,0.48579680000000003,-3.385796800000091,-0.0016368498731572
2026-05-07,2026-05-07 10:40:00,decoder_tft,wf_10_2026-01-01_2026-05-11,open_long,buy,0.0,1.0,1.0,1.0,0.0,1.0,2074.5,10400.0,0.0,0.0,10400.0,0.104,-0.104,-5.013256206314775e-05
2026-05-07,2026-05-07 10:45:00,decoder_tft,wf_10_2026-01-01_2026-05-11,increase_long,buy,1.0,2.0,1.0,1.0,0.0,1.0,2076.2,10400.0,0.0,0.0,10400.0,0.104,1.595999999999818,0.0007693830588442
2026-05-07,2026-05-07 11:05:00,decoder_tft,wf_10_2026-01-01_2026-05-11,reduce_long,sell,2.0,1.0,-1.0,0.0,1.0,1.0,2074.1,0.0,10400.0,38329.368,48729.368,0.48729368,-3.687293679999818,-0.0017765908308369
2026-05-07,2026-05-07 11:15:00,decoder_tft,wf_10_2026-01-01_2026-05-11,close_long,sell,1.0,0.0,-1.0,0.0,1.0,1.0,2073.2,0.0,10400.0,38312.736,48712.736,0.48712735999999995,-2.287127360000182,-0.0011024338772028
2026-05-07,2026-05-07 13:10:00,decoder_tft,wf_10_2026-01-01_2026-05-11,open_long,buy,0.0,2.0,2.0,2.0,0.0,2.0,2087.5,20800.0,0.0,0.0,20800.0,0.208,-0.208,-9.964071856287426e-05
2026-05-07,2026-05-07 13:15:00,decoder_tft,wf_10_2026-01-01_2026-05-11,increase_long,buy,2.0,3.0,1.0,1.0,0.0,1.0,2091.5,10400.0,0.0,0.0,10400.0,0.104,7.896,0.0037826102516458
2026-05-07,2026-05-07 13:25:00,decoder_tft,wf_10_2026-01-01_2026-05-11,reduce_long,sell,3.0,2.0,-1.0,0.0,1.0,1.0,2087.4,0.0,10400.0,38575.152,48975.152,0.48975152,-3.789751519999727,-0.0018147041441324
2026-05-07,2026-05-07 13:45:00,decoder_tft,wf_10_2026-01-01_2026-05-11,reduce_long,sell,2.0,1.0,-1.0,0.0,1.0,1.0,2085.9,0.0,10400.0,38547.432,48947.432,0.48947432,1.310525680000182,0.0006286507782815
2026-05-07,2026-05-07 14:00:00,decoder_tft,wf_10_2026-01-01_2026-05-11,close_long,sell,1.0,0.0,-1.0,0.0,1.0,1.0,2080.0,0.0,10400.0,38438.4,48838.4,0.48838400000000004,-4.888384000000091,-0.0023457192093649
2026-05-08,2026-05-08 10:50:00,decoder_tft,wf_10_2026-01-01_2026-05-11,open_short,sell,0.0,-2.0,-2.0,0.0,2.0,2.0,2071.0,0.0,20800.0,76544.16,97344.16,0.9734416,-0.9734416,-0.0004700345726702
2026-05-08,2026-05-08 13:10:00,decoder_tft,wf_10_2026-01-01_2026-05-11,reduce_short,buy,-2.0,-1.0,1.0,1.0,0.0,1.0,2078.0,10400.0,0.0,0.0,10400.0,0.104,-8.503999999999635,-0.0041005833724961
2026-05-08,2026-05-08 13:15:00,decoder_tft,wf_10_2026-01-01_2026-05-11,close_short,buy,-1.0,0.0,1.0,1.0,0.0,1.0,2079.1,10400.0,0.0,0.0,10400.0,0.104,-1.2039999999999091,-0.0005793767931624
2026-05-08,2026-05-08 13:30:00,decoder_tft,wf_10_2026-01-01_2026-05-11,open_long,buy,0.0,1.0,1.0,1.0,0.0,1.0,2079.3,10400.0,0.0,0.0,10400.0,0.104,-0.104,-5.001683258789015e-05
2026-05-08,2026-05-08 13:45:00,decoder_tft,wf_10_2026-01-01_2026-05-11,increase_long,buy,1.0,2.0,1.0,1.0,0.0,1.0,2082.5,10400.0,0.0,0.0,10400.0,0.104,1.495999999999909,0.0007189580969588
2026-05-08,2026-05-08 13:50:00,decoder_tft,wf_10_2026-01-01_2026-05-11,reduce_long,sell,2.0,1.0,-1.0,0.0,1.0,1.0,2081.1,0.0,10400.0,38458.728,48858.728,0.48858728,-3.288587280000182,-0.001579311386795
2026-05-08,2026-05-08 14:00:00,decoder_tft,wf_10_2026-01-01_2026-05-11,close_long,sell,1.0,0.0,-1.0,0.0,1.0,1.0,2078.9,0.0,10400.0,38418.072,48818.072,0.48818072,0.51181928,0.0002464286570365
2026-05-08,2026-05-08 14:15:00,decoder_tft,wf_10_2026-01-01_2026-05-11,open_short,sell,0.0,-2.0,-2.0,0.0,2.0,2.0,2069.2,0.0,20800.0,76477.632,97277.632,0.97277632,-0.97277632,-0.0004701219408467
2026-05-08,2026-05-08 14:25:00,decoder_tft,wf_10_2026-01-01_2026-05-11,reduce_short,buy,-2.0,-1.0,1.0,1.0,0.0,1.0,2074.0,10400.0,0.0,0.0,10400.0,0.104,-5.104,-0.0024638545200964
2026-05-08,2026-05-08 14:30:00,decoder_tft,wf_10_2026-01-01_2026-05-11,close_short,buy,-1.0,0.0,1.0,1.0,0.0,1.0,2073.4,10400.0,0.0,0.0,10400.0,0.104,0.495999999999909,0.0002391368874178
