model,month,net_return_sum
decoder_tft,2021-07,0.27203098020880545
decoder_tft,2021-08,0.1789648554882072
decoder_tft,2021-09,-0.03309293748772231
decoder_tft,2021-10,-0.09443268426424324
decoder_tft,2021-11,-0.09820496761210194
decoder_tft,2021-12,0.15511412731776
decoder_tft,2022-01,0.18087139930886229
decoder_tft,2022-02,-0.0001485094883606885
decoder_tft,2022-03,0.014976231755588258
decoder_tft,2022-04,-0.004893143551133945
decoder_tft,2022-05,-0.18389874046136673
decoder_tft,2022-06,0.05695899245854648
decoder_tft,2022-07,-0.0511667213013135
decoder_tft,2022-08,0.05973470138829513
decoder_tft,2022-09,0.009927249704055825
decoder_tft,2022-10,0.07426904441299843
decoder_tft,2022-11,-0.11678263806189718
decoder_tft,2022-12,0.36584838577784756
decoder_tft,2023-01,0.062290635259976565
decoder_tft,2023-02,0.034902616628733014
decoder_tft,2023-03,-0.09834482114650393
decoder_tft,2023-04,-0.0062789055486281485
decoder_tft,2023-05,-0.03695469589229901
decoder_tft,2023-06,-0.05723700728127753
decoder_tft,2023-07,-0.009894682676586889
decoder_tft,2023-08,0.018941514460876246
decoder_tft,2023-09,0.18431017158496987
decoder_tft,2023-10,-0.05729222725526536
decoder_tft,2023-11,0.22433974610676538
decoder_tft,2023-12,-0.019281857435489894
decoder_tft,2024-01,-0.00589690571801786
decoder_tft,2024-02,0.017117240944313952
decoder_tft,2024-03,0.05565039285661427
decoder_tft,2024-04,0.07084801484027323
decoder_tft,2024-05,-0.007422308071141421
decoder_tft,2024-06,0.05532704841775694
decoder_tft,2024-07,-0.09917892207719209
decoder_tft,2024-08,0.1069872019128887
decoder_tft,2024-09,0.0404539053927807
decoder_tft,2024-10,0.00989442836729421
decoder_tft,2024-11,0.07416282216369512
decoder_tft,2024-12,0.02260223571732597
decoder_tft,2025-01,0.018714764213882434
decoder_tft,2025-02,-0.09611266507610526
decoder_tft,2025-03,-0.03674047119594935
decoder_tft,2025-04,0.12307704443504404
decoder_tft,2025-05,0.02900241207862556
decoder_tft,2025-06,0.03176872839234334
decoder_tft,2025-07,-0.06107576647726178
decoder_tft,2025-08,-0.134165739511181
decoder_tft,2025-09,0.23791651412609185
decoder_tft,2025-10,0.23499550263708077
decoder_tft,2025-11,0.13089531113477232
decoder_tft,2025-12,0.01555471708048263
decoder_tft,2026-01,-0.11434927492553304
decoder_tft,2026-02,-0.018003877432939082
decoder_tft,2026-03,0.011731057846497417
decoder_tft,2026-04,-0.03147096996800423
decoder_tft,2026-05,-0.00911630066160002
decoder_transformer,2021-07,0.09341942367223748
decoder_transformer,2021-08,-0.007309262786792698
decoder_transformer,2021-09,-0.040766267330270105
decoder_transformer,2021-10,0.036151200518470296
decoder_transformer,2021-11,-0.05363667402765706
decoder_transformer,2021-12,0.032698625732106974
decoder_transformer,2022-01,0.08444844903630963
decoder_transformer,2022-02,-0.026307117285578423
decoder_transformer,2022-03,-0.06835481102666871
decoder_transformer,2022-04,-0.0717935414680017
decoder_transformer,2022-05,-0.2861040449007133
decoder_transformer,2022-06,0.030731196811971024
decoder_transformer,2022-07,-0.06576641664457067
decoder_transformer,2022-08,-0.005956447097825758
decoder_transformer,2022-09,0.060456213327832714
decoder_transformer,2022-10,-0.018746684852835812
decoder_transformer,2022-11,-0.007192237265669392
decoder_transformer,2022-12,0.27744475504995225
decoder_transformer,2023-01,0.07023485088573626
decoder_transformer,2023-02,0.21399865603252338
decoder_transformer,2023-03,-0.05068201725308784
decoder_transformer,2023-04,-0.02378907498750776
decoder_transformer,2023-05,-0.051869042331298326
decoder_transformer,2023-06,-0.08696750453334173
decoder_transformer,2023-07,0.0018338598550186273
decoder_transformer,2023-08,0.028212293986672955
decoder_transformer,2023-09,0.16566796858425983
decoder_transformer,2023-10,0.07020177174332792
decoder_transformer,2023-11,0.17852979879797068
decoder_transformer,2023-12,-0.037488416478947045
decoder_transformer,2024-01,-0.0337472845164261
decoder_transformer,2024-02,-0.01772109753729928
decoder_transformer,2024-03,0.03888552031286386
decoder_transformer,2024-04,-0.051130321909534315
decoder_transformer,2024-05,-0.07313890874929851
decoder_transformer,2024-06,-0.01385415201803106
decoder_transformer,2024-07,-0.11050411302847807
decoder_transformer,2024-08,0.07553365981673034
decoder_transformer,2024-09,0.03909937368844184
decoder_transformer,2024-10,-0.05551425752062811
decoder_transformer,2024-11,0.08680269946761793
decoder_transformer,2024-12,-0.052947272937260134
decoder_transformer,2025-01,-0.007893779709045397
decoder_transformer,2025-02,-0.12453706891238284
decoder_transformer,2025-03,-0.13257596020631948
decoder_transformer,2025-04,0.32430609679740086
decoder_transformer,2025-05,-0.0496901186474199
decoder_transformer,2025-06,0.004484723486999967
decoder_transformer,2025-07,-0.006267339887976399
decoder_transformer,2025-08,0.10281710277468953
decoder_transformer,2025-09,0.11781462333781069
decoder_transformer,2025-10,0.046307624598508186
decoder_transformer,2025-11,0.03648966241272556
decoder_transformer,2025-12,-0.01028114741469512
decoder_transformer,2026-01,-0.13812198600270972
decoder_transformer,2026-02,0.057385453185650505
decoder_transformer,2026-03,-0.2145216695979015
decoder_transformer,2026-04,0.15297673315328653
decoder_transformer,2026-05,-0.00024844162714149527
ema_cross_16_48,2021-07,-0.07363988507673634
ema_cross_16_48,2021-08,0.011867920349797789
ema_cross_16_48,2021-09,-0.1357539424249002
ema_cross_16_48,2021-10,0.2905162138527639
ema_cross_16_48,2021-11,-0.5062030130805378
ema_cross_16_48,2021-12,0.1309683847649708
ema_cross_16_48,2022-01,0.17735899068016991
ema_cross_16_48,2022-02,-0.2199986921879305
ema_cross_16_48,2022-03,0.07984643935865102
ema_cross_16_48,2022-04,0.2709744675896638
ema_cross_16_48,2022-05,0.34355920402287093
ema_cross_16_48,2022-06,-0.33065544687760273
ema_cross_16_48,2022-07,-0.11626974712800381
ema_cross_16_48,2022-08,0.06022856270020191
ema_cross_16_48,2022-09,-0.0367331187817013
ema_cross_16_48,2022-10,-0.008935182791305306
ema_cross_16_48,2022-11,-0.3754992931853173
ema_cross_16_48,2022-12,-0.4542815962020865
ema_cross_16_48,2023-01,0.1865034082570188
ema_cross_16_48,2023-02,0.06820016367467939
ema_cross_16_48,2023-03,-0.25209914244690307
ema_cross_16_48,2023-04,-0.1154418600690632
ema_cross_16_48,2023-05,0.0010524137582107033
ema_cross_16_48,2023-06,-0.08848995302999269
ema_cross_16_48,2023-07,0.07800308003445919
ema_cross_16_48,2023-08,0.15396861449686042
ema_cross_16_48,2023-09,0.10314448327624516
ema_cross_16_48,2023-10,-0.016390770899399908
ema_cross_16_48,2023-11,-0.16026859273428518
ema_cross_16_48,2023-12,-0.002837497885042034
ema_cross_16_48,2024-01,-0.21061486878429173
ema_cross_16_48,2024-02,0.028282740444626885
ema_cross_16_48,2024-03,-0.031711508314194094
ema_cross_16_48,2024-04,0.18604895632803073
ema_cross_16_48,2024-05,-0.25268883317330965
ema_cross_16_48,2024-06,-0.138851829116595
ema_cross_16_48,2024-07,-0.20933601216126205
ema_cross_16_48,2024-08,0.1746770631807099
ema_cross_16_48,2024-09,0.05313131394149279
ema_cross_16_48,2024-10,-0.07489257553971741
ema_cross_16_48,2024-11,-0.014631139087286646
ema_cross_16_48,2024-12,-0.1533844045813527
ema_cross_16_48,2025-01,-0.06480317502248051
ema_cross_16_48,2025-02,-0.1981985956412248
ema_cross_16_48,2025-03,-0.0976777880576862
ema_cross_16_48,2025-04,-0.1350385463795105
ema_cross_16_48,2025-05,0.09208406684245168
ema_cross_16_48,2025-06,0.010373558905941925
ema_cross_16_48,2025-07,0.3592477425330249
ema_cross_16_48,2025-08,0.2493312240062932
ema_cross_16_48,2025-09,-0.08942581066334812
ema_cross_16_48,2025-10,0.028180142114117793
ema_cross_16_48,2025-11,-0.3937590246129055
ema_cross_16_48,2025-12,0.31754287798599223
ema_cross_16_48,2026-01,-0.0737139421720468
ema_cross_16_48,2026-02,-0.0926764956044551
ema_cross_16_48,2026-03,0.1357764394336083
ema_cross_16_48,2026-04,-0.2844605073508055
ema_cross_16_48,2026-05,-0.01935887651010161
ema_cross_32_96,2021-07,-0.07345576505804358
ema_cross_32_96,2021-08,0.14247702769974846
ema_cross_32_96,2021-09,-0.260289384865614
ema_cross_32_96,2021-10,0.24362059130883737
ema_cross_32_96,2021-11,-0.3743010475227152
ema_cross_32_96,2021-12,0.027900773409416192
ema_cross_32_96,2022-01,0.024596384993964
ema_cross_32_96,2022-02,-0.05224378405964878
ema_cross_32_96,2022-03,0.1553020733015369
ema_cross_32_96,2022-04,0.3971043852034613
ema_cross_32_96,2022-05,0.4004813857625655
ema_cross_32_96,2022-06,0.03022141884504878
ema_cross_32_96,2022-07,-0.2251331334978493
ema_cross_32_96,2022-08,0.0991169709829209
ema_cross_32_96,2022-09,0.1235538293735773
ema_cross_32_96,2022-10,0.3143893538454581
ema_cross_32_96,2022-11,-0.2731774100599344
ema_cross_32_96,2022-12,-0.2855739035677252
ema_cross_32_96,2023-01,0.08641814326127753
ema_cross_32_96,2023-02,0.41202653646104714
ema_cross_32_96,2023-03,-0.21811036028491634
ema_cross_32_96,2023-04,-0.07048171427346311
ema_cross_32_96,2023-05,-0.015258440379629598
ema_cross_32_96,2023-06,0.013006444314607393
ema_cross_32_96,2023-07,0.19632941583906577
ema_cross_32_96,2023-08,0.4295183091786801
ema_cross_32_96,2023-09,0.1222505870063525
ema_cross_32_96,2023-10,0.11656994715454491
ema_cross_32_96,2023-11,-0.3309292448429939
ema_cross_32_96,2023-12,0.09947423813981927
ema_cross_32_96,2024-01,-0.278679177326789
ema_cross_32_96,2024-02,0.08010253495747931
ema_cross_32_96,2024-03,-0.00877180632142939
ema_cross_32_96,2024-04,0.10501590415140426
ema_cross_32_96,2024-05,0.041070789609531894
ema_cross_32_96,2024-06,0.0488739014680121
ema_cross_32_96,2024-07,-0.13421496476917302
ema_cross_32_96,2024-08,0.2182704974030909
ema_cross_32_96,2024-09,0.006745199485369797
ema_cross_32_96,2024-10,-0.06612413966965641
ema_cross_32_96,2024-11,0.031592652116450355
ema_cross_32_96,2024-12,-0.09617952236706939
ema_cross_32_96,2025-01,0.2036851329792537
ema_cross_32_96,2025-02,-0.1200447132481551
ema_cross_32_96,2025-03,-0.04650365815072974
ema_cross_32_96,2025-04,0.1631237963998004
ema_cross_32_96,2025-05,0.17371094720806488
ema_cross_32_96,2025-06,0.023897740796675927
ema_cross_32_96,2025-07,0.32071092858303374
ema_cross_32_96,2025-08,0.08028297353887767
ema_cross_32_96,2025-09,-0.04332133820430623
ema_cross_32_96,2025-10,0.300939144326201
ema_cross_32_96,2025-11,0.06869844248744589
ema_cross_32_96,2025-12,0.1296866855873166
ema_cross_32_96,2026-01,0.08257047316506232
ema_cross_32_96,2026-02,0.004534756337252507
ema_cross_32_96,2026-03,0.4837937330610327
ema_cross_32_96,2026-04,-0.36406903363446996
ema_cross_32_96,2026-05,-0.053973801838099106
ema_cross_8_24,2021-07,0.2721476005673
ema_cross_8_24,2021-08,0.10727041115465222
ema_cross_8_24,2021-09,-0.3156332119406438
ema_cross_8_24,2021-10,0.24577261747036774
ema_cross_8_24,2021-11,-0.22873634572676266
ema_cross_8_24,2021-12,0.07307445049175605
ema_cross_8_24,2022-01,0.1342007470208488
ema_cross_8_24,2022-02,-0.0619475934323781
ema_cross_8_24,2022-03,-0.06408400341608732
ema_cross_8_24,2022-04,0.10146363586012878
ema_cross_8_24,2022-05,0.5193878734637175
ema_cross_8_24,2022-06,-0.021931797562309792
ema_cross_8_24,2022-07,-0.042345323968893504
ema_cross_8_24,2022-08,0.10427554224643058
ema_cross_8_24,2022-09,0.04055423785820945
ema_cross_8_24,2022-10,0.3885704001293287
ema_cross_8_24,2022-11,0.020155971812351046
ema_cross_8_24,2022-12,-0.2955598123160116
ema_cross_8_24,2023-01,0.379179118239558
ema_cross_8_24,2023-02,-0.36471546182929304
ema_cross_8_24,2023-03,-0.22686673472476576
ema_cross_8_24,2023-04,-0.14755225680030376
ema_cross_8_24,2023-05,-0.008700095192955884
ema_cross_8_24,2023-06,-0.0933702477190587
ema_cross_8_24,2023-07,0.10020688153901039
ema_cross_8_24,2023-08,0.1506204197482194
ema_cross_8_24,2023-09,-0.04143922848582969
ema_cross_8_24,2023-10,0.10277531366940507
ema_cross_8_24,2023-11,0.02650747046726788
ema_cross_8_24,2023-12,0.00547676010162474
ema_cross_8_24,2024-01,-0.22516521565462713
ema_cross_8_24,2024-02,0.1378748315167407
ema_cross_8_24,2024-03,-0.036058260727282396
ema_cross_8_24,2024-04,-0.04881271224405599
ema_cross_8_24,2024-05,-0.2484608326379987
ema_cross_8_24,2024-06,0.027545952011801406
ema_cross_8_24,2024-07,-0.26158364354631536
ema_cross_8_24,2024-08,0.13639142654124886
ema_cross_8_24,2024-09,0.0465232384321958
ema_cross_8_24,2024-10,-0.02999239280893111
ema_cross_8_24,2024-11,-0.005856617680552437
ema_cross_8_24,2024-12,-0.2280324916854014
ema_cross_8_24,2025-01,-0.05935482366285564
ema_cross_8_24,2025-02,-0.3241468852855415
ema_cross_8_24,2025-03,-0.1518535788440649
ema_cross_8_24,2025-04,-0.712637129368009
ema_cross_8_24,2025-05,0.037488587715054915
ema_cross_8_24,2025-06,0.1106296517225894
ema_cross_8_24,2025-07,0.10263139955032782
ema_cross_8_24,2025-08,-0.010739382762695609
ema_cross_8_24,2025-09,-0.2678068002820468
ema_cross_8_24,2025-10,0.607776063129085
ema_cross_8_24,2025-11,-0.1446898320442828
ema_cross_8_24,2025-12,0.43903187726317
ema_cross_8_24,2026-01,-0.2717026885365865
ema_cross_8_24,2026-02,-0.164893061286922
ema_cross_8_24,2026-03,0.3426936937661545
ema_cross_8_24,2026-04,-0.12289802911439772
ema_cross_8_24,2026-05,0.004610639498784893
long_only,2021-07,-0.30429685741178264
long_only,2021-08,-0.13336573737991017
long_only,2021-09,0.012168300973468014
long_only,2021-10,0.10597588274373217
long_only,2021-11,-0.06164532420475659
long_only,2021-12,-0.2546192368737966
long_only,2022-01,-0.037158663092143204
long_only,2022-02,-0.0499336820386488
long_only,2022-03,-0.1434050754297037
long_only,2022-04,-0.3226955560668389
long_only,2022-05,-0.40099899776380776
long_only,2022-06,-0.15300732852787502
long_only,2022-07,-0.2121525075617414
long_only,2022-08,0.2919970242233648
long_only,2022-09,-0.3155701324969807
long_only,2022-10,-0.6766506392748314
long_only,2022-11,0.2691706608799803
long_only,2022-12,-0.10506586023772914
long_only,2023-01,0.27827821106835926
long_only,2023-02,-0.4962656605504197
long_only,2023-03,-0.006405535683789423
long_only,2023-04,-0.157543842578587
long_only,2023-05,-0.0077729066165581
long_only,2023-06,0.0781994863791128
long_only,2023-07,0.3196120940484037
long_only,2023-08,-0.1926760748781435
long_only,2023-09,-0.30243779946279997
long_only,2023-10,-0.38729416485798324
long_only,2023-11,-0.05464191541208029
long_only,2023-12,0.06357714588897964
long_only,2024-01,-0.026469438284260904
long_only,2024-02,0.263471566279377
long_only,2024-03,0.022832969588108713
long_only,2024-04,-0.2366787489453575
long_only,2024-05,-0.05207815756055192
long_only,2024-06,-0.1036815706862457
long_only,2024-07,-0.07410358491076151
long_only,2024-08,0.12454433208339641
long_only,2024-09,0.032383782702937604
long_only,2024-10,-0.2655571187753074
long_only,2024-11,-0.15075233326097773
long_only,2024-12,0.14414305231192762
long_only,2025-01,-0.1665746247548739
long_only,2025-02,0.02533724586087291
long_only,2025-03,0.02232841612953259
long_only,2025-04,-0.10364222635865508
long_only,2025-05,0.29305737346909966
long_only,2025-06,0.1533241398064206
long_only,2025-07,0.2761623452909633
long_only,2025-08,0.4957250889287792
long_only,2025-09,-0.04335960440393182
long_only,2025-10,-0.035464275225725116
long_only,2025-11,0.0823002670912735
long_only,2025-12,0.21854050018698337
long_only,2026-01,-0.21589450013708159
long_only,2026-02,-0.038964765517308805
long_only,2026-03,-0.4059899754143133
long_only,2026-04,0.0446757595374567
long_only,2026-05,0.0650103043513499
lstm_dmn,2021-07,0.004601000245422969
lstm_dmn,2021-08,0.009615216815855143
lstm_dmn,2021-09,0.0072090299935507075
lstm_dmn,2021-10,-0.000958186997889774
lstm_dmn,2021-11,-0.016956916901380584
lstm_dmn,2021-12,-0.008309409448030835
lstm_dmn,2022-01,0.011416728078405342
lstm_dmn,2022-02,-0.010075819006111673
lstm_dmn,2022-03,0.003785653181895188
lstm_dmn,2022-04,0.015181937542620838
lstm_dmn,2022-05,0.0
lstm_dmn,2022-06,-0.0007160035320592519
lstm_dmn,2022-07,0.00024063116619866642
lstm_dmn,2022-08,0.003146707410397871
lstm_dmn,2022-09,-0.0005768493858607683
lstm_dmn,2022-10,-0.0014110620217649252
lstm_dmn,2022-11,0.0
lstm_dmn,2022-12,0.0
lstm_dmn,2023-01,0.0034061686174811775
lstm_dmn,2023-02,0.005939693135767022
lstm_dmn,2023-03,-0.001516119752586341
lstm_dmn,2023-04,0.0031632632647637473
lstm_dmn,2023-05,-0.00313567069880626
lstm_dmn,2023-06,-0.004497097146332128
lstm_dmn,2023-07,0.02284955522798967
lstm_dmn,2023-08,0.005135664665930864
lstm_dmn,2023-09,0.012702921099148301
lstm_dmn,2023-10,-0.0016713392205783563
lstm_dmn,2023-11,0.027818038670701484
lstm_dmn,2023-12,0.0009033463940480952
lstm_dmn,2024-01,-0.004242195826298463
lstm_dmn,2024-02,0.028438186497596035
lstm_dmn,2024-03,0.009585141773728916
lstm_dmn,2024-04,0.001797490485548446
lstm_dmn,2024-05,0.0007461867000895533
lstm_dmn,2024-06,0.0229299842514924
lstm_dmn,2024-07,-0.011432302604277205
lstm_dmn,2024-08,0.02063121126334974
lstm_dmn,2024-09,0.010009959225054049
lstm_dmn,2024-10,0.0002733408975598153
lstm_dmn,2024-11,-0.0027611133913845397
lstm_dmn,2024-12,0.016390542478776592
lstm_dmn,2025-01,-0.0003907766008311895
lstm_dmn,2025-02,-0.0032806456338352772
lstm_dmn,2025-03,-0.0009553577169934579
lstm_dmn,2025-04,-0.015773196988307876
lstm_dmn,2025-05,-0.00010889597933963165
lstm_dmn,2025-06,-0.0012315526315846929
lstm_dmn,2025-07,0.012310071735469545
lstm_dmn,2025-08,0.04501228326391824
lstm_dmn,2025-09,0.025716417434296302
lstm_dmn,2025-10,-0.0424756265419613
lstm_dmn,2025-11,0.05516170956814904
lstm_dmn,2025-12,-0.011703112102550747
lstm_dmn,2026-01,-0.05148185776095496
lstm_dmn,2026-02,0.025293504401687854
lstm_dmn,2026-03,-0.016202744136403092
lstm_dmn,2026-04,0.031105267187874326
lstm_dmn,2026-05,0.0038273967373349156
macd_16_48,2021-07,-0.07363988507673634
macd_16_48,2021-08,0.011867920349797789
macd_16_48,2021-09,-0.1357539424249002
macd_16_48,2021-10,0.2905162138527639
macd_16_48,2021-11,-0.5062030130805378
macd_16_48,2021-12,0.1309683847649708
macd_16_48,2022-01,0.17735899068016991
macd_16_48,2022-02,-0.2199986921879305
macd_16_48,2022-03,0.07984643935865102
macd_16_48,2022-04,0.2709744675896638
macd_16_48,2022-05,0.34355920402287093
macd_16_48,2022-06,-0.33065544687760273
macd_16_48,2022-07,-0.11626974712800381
macd_16_48,2022-08,0.06022856270020191
macd_16_48,2022-09,-0.0367331187817013
macd_16_48,2022-10,-0.008935182791305306
macd_16_48,2022-11,-0.3754992931853173
macd_16_48,2022-12,-0.4542815962020865
macd_16_48,2023-01,0.1865034082570188
macd_16_48,2023-02,0.06820016367467939
macd_16_48,2023-03,-0.25209914244690307
macd_16_48,2023-04,-0.1154418600690632
macd_16_48,2023-05,0.0010524137582107033
macd_16_48,2023-06,-0.08848995302999269
macd_16_48,2023-07,0.07800308003445919
macd_16_48,2023-08,0.15396861449686042
macd_16_48,2023-09,0.10314448327624516
macd_16_48,2023-10,-0.016390770899399908
macd_16_48,2023-11,-0.16026859273428518
macd_16_48,2023-12,-0.002837497885042034
macd_16_48,2024-01,-0.21061486878429173
macd_16_48,2024-02,0.028282740444626885
macd_16_48,2024-03,-0.031711508314194094
macd_16_48,2024-04,0.18604895632803073
macd_16_48,2024-05,-0.25268883317330965
macd_16_48,2024-06,-0.138851829116595
macd_16_48,2024-07,-0.20933601216126205
macd_16_48,2024-08,0.1746770631807099
macd_16_48,2024-09,0.05313131394149279
macd_16_48,2024-10,-0.07489257553971741
macd_16_48,2024-11,-0.014631139087286646
macd_16_48,2024-12,-0.1533844045813527
macd_16_48,2025-01,-0.06480317502248051
macd_16_48,2025-02,-0.1981985956412248
macd_16_48,2025-03,-0.0976777880576862
macd_16_48,2025-04,-0.1350385463795105
macd_16_48,2025-05,0.09208406684245168
macd_16_48,2025-06,0.010373558905941925
macd_16_48,2025-07,0.3592477425330249
macd_16_48,2025-08,0.2493312240062932
macd_16_48,2025-09,-0.08942581066334812
macd_16_48,2025-10,0.028180142114117793
macd_16_48,2025-11,-0.3937590246129055
macd_16_48,2025-12,0.31754287798599223
macd_16_48,2026-01,-0.0737139421720468
macd_16_48,2026-02,-0.0926764956044551
macd_16_48,2026-03,0.1357764394336083
macd_16_48,2026-04,-0.2844605073508055
macd_16_48,2026-05,-0.01935887651010161
macd_32_96,2021-07,-0.07345576505804358
macd_32_96,2021-08,0.14247702769974846
macd_32_96,2021-09,-0.260289384865614
macd_32_96,2021-10,0.24362059130883737
macd_32_96,2021-11,-0.3743010475227152
macd_32_96,2021-12,0.027900773409416192
macd_32_96,2022-01,0.024596384993964
macd_32_96,2022-02,-0.05224378405964878
macd_32_96,2022-03,0.1553020733015369
macd_32_96,2022-04,0.3971043852034613
macd_32_96,2022-05,0.4004813857625655
macd_32_96,2022-06,0.03022141884504878
macd_32_96,2022-07,-0.2251331334978493
macd_32_96,2022-08,0.0991169709829209
macd_32_96,2022-09,0.1235538293735773
macd_32_96,2022-10,0.3143893538454581
macd_32_96,2022-11,-0.2731774100599344
macd_32_96,2022-12,-0.2855739035677252
macd_32_96,2023-01,0.08641814326127753
macd_32_96,2023-02,0.41202653646104714
macd_32_96,2023-03,-0.21811036028491634
macd_32_96,2023-04,-0.07048171427346311
macd_32_96,2023-05,-0.015258440379629598
macd_32_96,2023-06,0.013006444314607393
macd_32_96,2023-07,0.19632941583906577
macd_32_96,2023-08,0.4295183091786801
macd_32_96,2023-09,0.1222505870063525
macd_32_96,2023-10,0.11656994715454491
macd_32_96,2023-11,-0.3309292448429939
macd_32_96,2023-12,0.09947423813981927
macd_32_96,2024-01,-0.278679177326789
macd_32_96,2024-02,0.08010253495747931
macd_32_96,2024-03,-0.00877180632142939
macd_32_96,2024-04,0.10501590415140426
macd_32_96,2024-05,0.041070789609531894
macd_32_96,2024-06,0.0488739014680121
macd_32_96,2024-07,-0.13421496476917302
macd_32_96,2024-08,0.2182704974030909
macd_32_96,2024-09,0.006745199485369797
macd_32_96,2024-10,-0.06612413966965641
macd_32_96,2024-11,0.031592652116450355
macd_32_96,2024-12,-0.09617952236706939
macd_32_96,2025-01,0.2036851329792537
macd_32_96,2025-02,-0.1200447132481551
macd_32_96,2025-03,-0.04650365815072974
macd_32_96,2025-04,0.1631237963998004
macd_32_96,2025-05,0.17371094720806488
macd_32_96,2025-06,0.023897740796675927
macd_32_96,2025-07,0.32071092858303374
macd_32_96,2025-08,0.08028297353887767
macd_32_96,2025-09,-0.04332133820430623
macd_32_96,2025-10,0.300939144326201
macd_32_96,2025-11,0.06869844248744589
macd_32_96,2025-12,0.1296866855873166
macd_32_96,2026-01,0.08257047316506232
macd_32_96,2026-02,0.004534756337252507
macd_32_96,2026-03,0.4837937330610327
macd_32_96,2026-04,-0.36406903363446996
macd_32_96,2026-05,-0.053973801838099106
macd_8_24,2021-07,0.2721476005673
macd_8_24,2021-08,0.10727041115465222
macd_8_24,2021-09,-0.3156332119406438
macd_8_24,2021-10,0.24577261747036774
macd_8_24,2021-11,-0.22873634572676266
macd_8_24,2021-12,0.07307445049175605
macd_8_24,2022-01,0.1342007470208488
macd_8_24,2022-02,-0.0619475934323781
macd_8_24,2022-03,-0.06408400341608732
macd_8_24,2022-04,0.10146363586012878
macd_8_24,2022-05,0.5193878734637175
macd_8_24,2022-06,-0.021931797562309792
macd_8_24,2022-07,-0.042345323968893504
macd_8_24,2022-08,0.10427554224643058
macd_8_24,2022-09,0.04055423785820945
macd_8_24,2022-10,0.3885704001293287
macd_8_24,2022-11,0.020155971812351046
macd_8_24,2022-12,-0.2955598123160116
macd_8_24,2023-01,0.379179118239558
macd_8_24,2023-02,-0.36471546182929304
macd_8_24,2023-03,-0.22686673472476576
macd_8_24,2023-04,-0.14755225680030376
macd_8_24,2023-05,-0.008700095192955884
macd_8_24,2023-06,-0.0933702477190587
macd_8_24,2023-07,0.10020688153901039
macd_8_24,2023-08,0.1506204197482194
macd_8_24,2023-09,-0.04143922848582969
macd_8_24,2023-10,0.10277531366940507
macd_8_24,2023-11,0.02650747046726788
macd_8_24,2023-12,0.00547676010162474
macd_8_24,2024-01,-0.22516521565462713
macd_8_24,2024-02,0.1378748315167407
macd_8_24,2024-03,-0.036058260727282396
macd_8_24,2024-04,-0.04881271224405599
macd_8_24,2024-05,-0.2484608326379987
macd_8_24,2024-06,0.027545952011801406
macd_8_24,2024-07,-0.26158364354631536
macd_8_24,2024-08,0.13639142654124886
macd_8_24,2024-09,0.0465232384321958
macd_8_24,2024-10,-0.02999239280893111
macd_8_24,2024-11,-0.005856617680552437
macd_8_24,2024-12,-0.2280324916854014
macd_8_24,2025-01,-0.05935482366285564
macd_8_24,2025-02,-0.3241468852855415
macd_8_24,2025-03,-0.1518535788440649
macd_8_24,2025-04,-0.712637129368009
macd_8_24,2025-05,0.037488587715054915
macd_8_24,2025-06,0.1106296517225894
macd_8_24,2025-07,0.10263139955032782
macd_8_24,2025-08,-0.010739382762695609
macd_8_24,2025-09,-0.2678068002820468
macd_8_24,2025-10,0.607776063129085
macd_8_24,2025-11,-0.1446898320442828
macd_8_24,2025-12,0.43903187726317
macd_8_24,2026-01,-0.2717026885365865
macd_8_24,2026-02,-0.164893061286922
macd_8_24,2026-03,0.3426936937661545
macd_8_24,2026-04,-0.12289802911439772
macd_8_24,2026-05,0.004610639498784893
tsmom_12,2021-07,0.1455234141286717
tsmom_12,2021-08,-0.007584030446256475
tsmom_12,2021-09,-0.31458105015600746
tsmom_12,2021-10,0.12194534587764752
tsmom_12,2021-11,-0.19985320634807438
tsmom_12,2021-12,-0.10601960157421567
tsmom_12,2022-01,0.1490606323099289
tsmom_12,2022-02,-0.14572864054202173
tsmom_12,2022-03,-0.1735293116610973
tsmom_12,2022-04,0.12054795191411286
tsmom_12,2022-05,0.4378790195509148
tsmom_12,2022-06,0.13400480413983654
tsmom_12,2022-07,-0.19147577219990908
tsmom_12,2022-08,-0.12100189108195007
tsmom_12,2022-09,-0.19756253566967574
tsmom_12,2022-10,0.49439623470746036
tsmom_12,2022-11,0.2891914435013979
tsmom_12,2022-12,0.08566465139440849
tsmom_12,2023-01,0.12760433785753977
tsmom_12,2023-02,-0.4155633456601195
tsmom_12,2023-03,-0.20281835100267917
tsmom_12,2023-04,-0.1333497774962694
tsmom_12,2023-05,-0.16951957686168193
tsmom_12,2023-06,-0.3326464493983799
tsmom_12,2023-07,-0.19125423796838928
tsmom_12,2023-08,-0.1059503113142853
tsmom_12,2023-09,0.10122013457534951
tsmom_12,2023-10,-0.20223395079694254
tsmom_12,2023-11,0.03575373323959972
tsmom_12,2023-12,-0.17297310224648987
tsmom_12,2024-01,-0.16435783906460263
tsmom_12,2024-02,0.05657942091234504
tsmom_12,2024-03,-0.2510974621688907
tsmom_12,2024-04,-0.0942147139095851
tsmom_12,2024-05,-0.2975275020328257
tsmom_12,2024-06,-0.1509355380447971
tsmom_12,2024-07,-0.36453270604599913
tsmom_12,2024-08,-0.2157015052042265
tsmom_12,2024-09,-0.08977687134420395
tsmom_12,2024-10,-0.12148978092382122
tsmom_12,2024-11,-0.08334241103656508
tsmom_12,2024-12,-0.2055725570900218
tsmom_12,2025-01,0.035602133698744036
tsmom_12,2025-02,-0.23347382987707202
tsmom_12,2025-03,-0.22396343994344264
tsmom_12,2025-04,-0.605757950173654
tsmom_12,2025-05,-0.1187425140758402
tsmom_12,2025-06,-0.15255066089778088
tsmom_12,2025-07,-0.0013586399782115899
tsmom_12,2025-08,0.2414942515948957
tsmom_12,2025-09,-0.27019724005426293
tsmom_12,2025-10,0.16263108180303645
tsmom_12,2025-11,-0.1346074617442644
tsmom_12,2025-12,0.3763683718552429
tsmom_12,2026-01,-0.48504073507239365
tsmom_12,2026-02,-0.07874488134328918
tsmom_12,2026-03,0.3122232806497583
tsmom_12,2026-04,-0.11196092069936285
tsmom_12,2026-05,-0.11763526340358631
tsmom_24,2021-07,0.41421302525816706
tsmom_24,2021-08,0.14766402000637976
tsmom_24,2021-09,-0.3441739168317236
tsmom_24,2021-10,0.10825741872332725
tsmom_24,2021-11,-0.4618125102473561
tsmom_24,2021-12,-0.1192163359665099
tsmom_24,2022-01,0.06363940573613303
tsmom_24,2022-02,-0.09855206005542891
tsmom_24,2022-03,-0.14933984467222264
tsmom_24,2022-04,0.1326302378198035
tsmom_24,2022-05,0.20349886737569525
tsmom_24,2022-06,-0.033796098826639184
tsmom_24,2022-07,-0.10067015163107829
tsmom_24,2022-08,0.1011991571921566
tsmom_24,2022-09,0.030138475978300393
tsmom_24,2022-10,0.5579510977341051
tsmom_24,2022-11,-0.6243776427746729
tsmom_24,2022-12,-0.38307007370456203
tsmom_24,2023-01,0.2708448820453693
tsmom_24,2023-02,-0.06590558595239161
tsmom_24,2023-03,-0.11684270003704067
tsmom_24,2023-04,-0.2745685063789895
tsmom_24,2023-05,-0.2725787268024395
tsmom_24,2023-06,-0.43494934922398887
tsmom_24,2023-07,-0.11922667388191881
tsmom_24,2023-08,0.13070159593026498
tsmom_24,2023-09,-0.20727695980291255
tsmom_24,2023-10,-0.190525623988929
tsmom_24,2023-11,0.02734754491440537
tsmom_24,2023-12,-0.20352040676986768
tsmom_24,2024-01,-0.25432669557623644
tsmom_24,2024-02,-0.13328544070536327
tsmom_24,2024-03,-0.38697872259893434
tsmom_24,2024-04,0.10131860441176758
tsmom_24,2024-05,-0.2550202213631323
tsmom_24,2024-06,0.0454524512104563
tsmom_24,2024-07,-0.2768720314590417
tsmom_24,2024-08,-0.05168422923670064
tsmom_24,2024-09,-0.0556265730490785
tsmom_24,2024-10,-0.2126391049424837
tsmom_24,2024-11,-0.1402311992506085
tsmom_24,2024-12,-0.09475838964025443
tsmom_24,2025-01,-0.04306846124296775
tsmom_24,2025-02,-0.3701082516464543
tsmom_24,2025-03,-0.29650801653710934
tsmom_24,2025-04,-0.9435195656095355
tsmom_24,2025-05,-0.065875621319511
tsmom_24,2025-06,-0.05039096220991387
tsmom_24,2025-07,0.053509064465594496
tsmom_24,2025-08,-0.20228288659953533
tsmom_24,2025-09,-0.30429336274608204
tsmom_24,2025-10,0.39285274766808104
tsmom_24,2025-11,-0.3994772480451958
tsmom_24,2025-12,0.2264302131427123
tsmom_24,2026-01,-0.31398149043660284
tsmom_24,2026-02,-0.0685850496477371
tsmom_24,2026-03,-0.2273668014656408
tsmom_24,2026-04,-0.1646596304994376
tsmom_24,2026-05,-0.0633549754148699
tsmom_48,2021-07,0.10132885296397522
tsmom_48,2021-08,0.11028230747908462
tsmom_48,2021-09,-0.2107639486709745
tsmom_48,2021-10,0.15533703636343504
tsmom_48,2021-11,-0.18240428295595468
tsmom_48,2021-12,0.0691964590337
tsmom_48,2022-01,0.1322298035431251
tsmom_48,2022-02,-0.2099214811813851
tsmom_48,2022-03,0.060816677045768965
tsmom_48,2022-04,0.7008987909148631
tsmom_48,2022-05,0.25164114451641195
tsmom_48,2022-06,-0.3809842899934147
tsmom_48,2022-07,-0.1492645828183992
tsmom_48,2022-08,-0.06286983164286869
tsmom_48,2022-09,-0.1950978822401513
tsmom_48,2022-10,0.06833000209205196
tsmom_48,2022-11,-1.0974544325650293
tsmom_48,2022-12,0.04861422054655487
tsmom_48,2023-01,0.30951035020663975
tsmom_48,2023-02,-0.2595293294969694
tsmom_48,2023-03,-0.28374489793363816
tsmom_48,2023-04,-0.14981282816572636
tsmom_48,2023-05,-0.10093983715311294
tsmom_48,2023-06,0.03775909946321719
tsmom_48,2023-07,-0.07896059144944273
tsmom_48,2023-08,0.13515525382368418
tsmom_48,2023-09,-0.029170311973803747
tsmom_48,2023-10,-0.16068489463460295
tsmom_48,2023-11,-0.1373175560701133
tsmom_48,2023-12,-0.18978192353226495
tsmom_48,2024-01,-0.2758770396054952
tsmom_48,2024-02,0.04040565172718782
tsmom_48,2024-03,-0.048495487534484696
tsmom_48,2024-04,0.1654314058818662
tsmom_48,2024-05,-0.08495740677909354
tsmom_48,2024-06,-0.06377712701757829
tsmom_48,2024-07,-0.14621944369439868
tsmom_48,2024-08,0.11251877190612429
tsmom_48,2024-09,0.06474079278295113
tsmom_48,2024-10,-0.014704121216850604
tsmom_48,2024-11,-0.20384073738428155
tsmom_48,2024-12,-0.1449321328023208
tsmom_48,2025-01,-0.0848650084029931
tsmom_48,2025-02,-0.213817456833637
tsmom_48,2025-03,-0.14639877222351566
tsmom_48,2025-04,-0.7508404312044323
tsmom_48,2025-05,-0.0652629393867276
tsmom_48,2025-06,-0.005950311686102903
tsmom_48,2025-07,0.16670618004352317
tsmom_48,2025-08,-0.15230834341330582
tsmom_48,2025-09,-0.10198122919155732
tsmom_48,2025-10,0.10794705096973309
tsmom_48,2025-11,-0.31517412818993673
tsmom_48,2025-12,0.2061476343882656
tsmom_48,2026-01,-0.056246934789579
tsmom_48,2026-02,-0.21315412925386587
tsmom_48,2026-03,0.17533435399279648
tsmom_48,2026-04,-0.3590732689289844
tsmom_48,2026-05,0.03669444674975839
tsmom_78,2021-07,-0.1943080030457541
tsmom_78,2021-08,0.14746711872961332
tsmom_78,2021-09,-0.08507155384066462
tsmom_78,2021-10,0.20346498780477626
tsmom_78,2021-11,-0.2485429430528303
tsmom_78,2021-12,-0.006759505173160791
tsmom_78,2022-01,-0.01277880995260319
tsmom_78,2022-02,-0.2510723569242665
tsmom_78,2022-03,0.046677097332553895
tsmom_78,2022-04,0.535562484183986
tsmom_78,2022-05,0.23125929800580655
tsmom_78,2022-06,-0.12625523737800107
tsmom_78,2022-07,-0.1527542440369759
tsmom_78,2022-08,-0.0834520565787396
tsmom_78,2022-09,0.023070425694095294
tsmom_78,2022-10,0.04338517291456978
tsmom_78,2022-11,-0.4111755480065999
tsmom_78,2022-12,0.06580123110845709
tsmom_78,2023-01,0.008445548386703389
tsmom_78,2023-02,-0.008402127327452793
tsmom_78,2023-03,-0.2385236541466273
tsmom_78,2023-04,-0.1807177945066141
tsmom_78,2023-05,0.04468431674936361
tsmom_78,2023-06,0.0348550618383454
tsmom_78,2023-07,0.00475487496969873
tsmom_78,2023-08,0.1086016167841364
tsmom_78,2023-09,0.1399798724344021
tsmom_78,2023-10,-0.09405864443284169
tsmom_78,2023-11,0.035278765943308
tsmom_78,2023-12,-0.005488478175870461
tsmom_78,2024-01,-0.3228011733554855
tsmom_78,2024-02,0.08785337751168969
tsmom_78,2024-03,-0.01086386189277569
tsmom_78,2024-04,-0.09144140425617482
tsmom_78,2024-05,-0.0373464767857291
tsmom_78,2024-06,-0.1345934722670509
tsmom_78,2024-07,-0.2646832930391078
tsmom_78,2024-08,0.14856714626125422
tsmom_78,2024-09,0.024558664862279003
tsmom_78,2024-10,-0.1473135482874224
tsmom_78,2024-11,-0.039488679444233794
tsmom_78,2024-12,-0.19858028957853477
tsmom_78,2025-01,-0.0430445085478081
tsmom_78,2025-02,-0.1013033039401755
tsmom_78,2025-03,-0.12286902455793422
tsmom_78,2025-04,-0.1118527506542843
tsmom_78,2025-05,0.20862292655667605
tsmom_78,2025-06,0.03750118808507401
tsmom_78,2025-07,0.03816645287847048
tsmom_78,2025-08,-0.14393899676097133
tsmom_78,2025-09,-0.004919328521816801
tsmom_78,2025-10,0.18543130378307
tsmom_78,2025-11,-0.22895935911861706
tsmom_78,2025-12,0.3418738381302102
tsmom_78,2026-01,-0.0440329574732865
tsmom_78,2026-02,-0.15260761452332686
tsmom_78,2026-03,0.1579284633675012
tsmom_78,2026-04,-0.30463768565305127
tsmom_78,2026-05,-0.025128251319115304
