total_return,annualized_return,annualized_volatility,sharpe_ratio,sortino_ratio,max_drawdown,calmar_ratio,hit_rate,profit_factor,average_trade_pnl,average_win,average_loss,win_loss_ratio,number_of_trades,turnover,window,model
-0.557196367322847,-0.9976143028707352,1.8373734894650144,-3.286194254201816,-3.8100761656428808,-0.6398041228716476,-1.5592495690604804,0.4646401985111663,0.6654623318633355,-1.187946958139511,10.161175620000048,-4.627075012121195,2.196025695149007,258,1290.0,wf_1_2021-07-01_2021-12-31,long_only
-0.4066201202178738,-0.9674306649585922,1.7556135680780969,-1.9504795318227135,-2.795662771572433,-0.5428037787386024,-1.7822843223508158,0.3901985111662531,0.1306959038767953,-4.155160171505377,7.262246428124978,-5.229739616176471,1.3886439786909504,1488,7440.0,wf_1_2021-07-01_2021-12-31,tsmom_12
-0.3457010138461013,-0.9112920352131624,1.797220891894027,-1.3478352589826144,-1.910805673241439,-0.6199459012241308,-1.469954125696688,0.4032258064516129,0.1453018952882077,-4.033978676142151,7.369142043636402,-5.204075018656742,1.4160330158996246,1182,5910.0,wf_1_2021-07-01_2021-12-31,tsmom_24
-0.1169982648535707,0.5040197668902493,1.787699199942893,0.2283061537840872,0.3178401206214399,-0.3630273716825851,1.38837951682316,0.4281947890818858,0.2319369500358223,-3.823073085941647,10.005476197701142,-5.626796905547228,1.7781832836079714,754,3770.0,wf_1_2021-07-01_2021-12-31,tsmom_48
-0.3002055815145861,-0.8253688000517595,1.8184449621834569,-0.9596408628952312,-1.3134431965318454,-0.4235311445587616,-1.9487794714875943,0.4437034739454094,0.2400812260691353,-3.535519632069988,8.909840795348828,-5.3193546266666845,1.674985298156758,686,3430.0,wf_1_2021-07-01_2021-12-31,tsmom_78
-0.0191384228537889,3.312477973341352,1.818715694745436,0.8036055992424473,1.123830202216343,-0.453174627659906,7.309495658321073,0.4300558312655086,0.2239279418151007,-3.738997052197816,9.02762458390806,-5.471752250858052,1.649859893143443,728,3640.0,wf_1_2021-07-01_2021-12-31,ema_cross_8_24
-0.0191384228537889,3.312477973341352,1.818715694745436,0.8036055992424473,1.123830202216343,-0.453174627659906,7.309495658321073,0.4300558312655086,0.2239279418151007,-3.738997052197816,9.02762458390806,-5.471752250858052,1.649859893143443,728,3640.0,wf_1_2021-07-01_2021-12-31,macd_8_24
-0.3658151339841859,-0.9314714117557956,1.818206141014372,-1.4742253626952253,-2.0425759407599475,-0.5521617147802778,-1.686953997030484,0.4429280397022332,0.352434478289389,-2.768712351968517,9.45042200987651,-5.086627769555045,1.85789533616752,508,2540.0,wf_1_2021-07-01_2021-12-31,ema_cross_16_48
-0.3658151339841859,-0.9314714117557956,1.818206141014372,-1.4742253626952253,-2.0425759407599475,-0.5521617147802778,-1.686953997030484,0.4429280397022332,0.352434478289389,-2.768712351968517,9.45042200987651,-5.086627769555045,1.85789533616752,508,2540.0,wf_1_2021-07-01_2021-12-31,macd_16_48
-0.3743399809295696,-0.9387386269797672,1.826480518298176,-1.5289197233940108,-2.0617591641614426,-0.5196935735298944,-1.806331028116452,0.4571960297766749,0.6001335601897977,-1.427918752000009,9.631777451685362,-4.592912199356916,2.097095923809293,400,2000.0,wf_1_2021-07-01_2021-12-31,ema_cross_32_96
-0.3743399809295696,-0.9387386269797672,1.826480518298176,-1.5289197233940108,-2.0617591641614426,-0.5196935735298944,-1.806331028116452,0.4571960297766749,0.6001335601897977,-1.427918752000009,9.631777451685362,-4.592912199356916,2.097095923809293,400,2000.0,wf_1_2021-07-01_2021-12-31,macd_32_96
-0.0055698565333399,-0.0445550785697597,0.1222420005272422,-0.372851749155175,-0.2010804977789813,-0.0391618411024363,-1.1377166475196134,0.0696339950372208,0.8361366694708737,-0.081757294117639,1.7730089666667084,-0.6524546051282074,2.71744417578034,153,174.0,wf_1_2021-07-01_2021-12-31,lstm_dmn
0.0470058538229947,0.777310741181978,0.5275218598791953,1.0901995663187083,0.9684224811288124,-0.1421170236321125,5.469511824242413,0.2110732009925558,0.8669711030412566,-0.1957950489523804,3.9119118606326087,-2.184331609422852,1.79089651212172,1260,1554.0,wf_1_2021-07-01_2021-12-31,decoder_transformer
0.418865728968488,36.05182711360328,0.7619376150688457,4.741102344170647,5.704813656699449,-0.2675322224711595,134.7569529404621,0.3582506203473945,1.2993994415711505,0.4552514757333358,5.04459656919149,-2.49953235156164,2.0182161539296595,1200,1552.0,wf_1_2021-07-01_2021-12-31,decoder_tft
-0.7164981443461804,-0.9999778922064972,2.1225369050933702,-5.049920283147137,-6.260576966755262,-0.7720600622396898,-1.2952073823189796,0.4531696653775012,0.5264422077279834,-1.527478119327763,10.103449569999915,-3.877160480808101,2.605888928253518,238,1190.0,wf_2_2022-01-01_2022-06-30,long_only
0.3046414200451752,115.88101969976508,2.014591036060493,2.363428360148848,3.2019926358925037,-0.4312498835109573,268.70968348173653,0.4069278627879603,0.0932210849488659,-4.777497780804948,6.221220235294156,-5.720245039327728,1.087579324403436,1292,6460.0,wf_2_2022-01-01_2022-06-30,tsmom_12
-0.1219549879417535,1.1689161644876664,2.058658980735385,0.3760858311603973,0.5024304286167395,-0.3933614893205848,2.971608040498886,0.4180258954094501,0.1206714646197204,-4.296746322020212,6.276902417204268,-5.3930109070234185,1.163895739396659,990,4950.0,wf_2_2022-01-01_2022-06-30,tsmom_24
0.3854770062079524,246.51627650586283,2.080317947090617,2.649462494772349,3.5930887741066333,-0.573471723340387,429.866489440739,0.4380359845300151,0.1583948402697023,-4.390950235109726,7.425975053521136,-5.870671038447982,1.2649278089143838,638,3190.0,wf_2_2022-01-01_2022-06-30,tsmom_48
0.2244817720801326,70.88753540415321,2.0965983722925152,2.039137385379664,2.749511099382244,-0.4812448348917707,147.30035579518568,0.4454346729443417,0.2046508819666481,-3.584457972413784,6.148767200000029,-5.302085944016221,1.1596883311443391,580,2900.0,wf_2_2022-01-01_2022-06-30,tsmom_78
0.4075771859887622,299.0578220365574,2.0920326138837555,2.726650063614253,3.592836936401827,-0.4171342621200017,716.9342084648134,0.4408945686900958,0.1507908100019693,-4.175738994888187,6.537467132394369,-5.546257256216226,1.1787168950858165,626,3130.0,wf_2_2022-01-01_2022-06-30,ema_cross_8_24
0.4075771859887622,299.0578220365574,2.0920326138837555,2.726650063614253,3.592836936401827,-0.4171342621200017,716.9342084648134,0.4408945686900958,0.1507908100019693,-4.175738994888187,6.537467132394369,-5.546257256216226,1.1787168950858165,626,3130.0,wf_2_2022-01-01_2022-06-30,macd_8_24
0.0864223021532952,19.926083463024117,2.094271188538651,1.4520907892341055,1.9220938589754808,-0.4691187131777504,42.47556727815729,0.4533378173869177,0.2162633040207229,-3.2442024672489,5.694473600000044,-4.911520282901553,1.159411602111098,458,2290.0,wf_2_2022-01-01_2022-06-30,ema_cross_16_48
0.0864223021532952,19.926083463024117,2.094271188538651,1.4520907892341055,1.9220938589754808,-0.4691187131777504,42.47556727815729,0.4533378173869177,0.2162633040207229,-3.2442024672489,5.694473600000044,-4.911520282901553,1.159411602111098,458,2290.0,wf_2_2022-01-01_2022-06-30,macd_16_48
1.2360885491876423,37032.80476073184,2.116812734866572,4.969967282642803,6.605955456844891,-0.3261153842592599,113557.36818380508,0.4662855221119892,0.4559309245388419,-1.7878112917646944,7.174427526760585,-4.153309269888466,1.7274002633936405,340,1700.0,wf_2_2022-01-01_2022-06-30,ema_cross_32_96
1.2360885491876423,37032.80476073184,2.116812734866572,4.969967282642803,6.605955456844891,-0.3261153842592599,113557.36818380508,0.4662855221119892,0.4559309245388419,-1.7878112917646944,7.174427526760585,-4.153309269888466,1.7274002633936405,340,1700.0,wf_2_2022-01-01_2022-06-30,macd_32_96
0.019636562437179,0.2235332117961728,0.0548826716372611,3.675897596448421,1.159544458051748,-0.0172759299872963,12.93899731942336,0.0221960652429796,0.3311694795962279,-0.3331802245161296,0.8523616133333333,-0.6177102656000009,1.3798728316509494,62,64.0,wf_2_2022-01-01_2022-06-30,lstm_dmn
-0.3059042391892366,-0.9690098033393,0.7536561222729328,-4.609510509299039,-4.256945313900578,-0.4318410677191411,-2.2439037779739843,0.2835042878762401,1.0054608883712242,0.0083822500548832,3.8893100894052575,-2.544766819872615,1.5283561774826766,1822,2340.0,wf_2_2022-01-01_2022-06-30,decoder_transformer
0.0393332727242237,0.9302012225831722,0.7206318777216061,0.9125710496671532,0.8800499332447285,-0.2710427485466422,3.4319354698511666,0.3045232890533041,1.2414632253913376,0.3407334329962308,4.259091661944962,-2.3970937910769203,1.7767730565233824,1325,1678.0,wf_2_2022-01-01_2022-06-30,decoder_tft
-0.7093614057672137,-0.999587761640228,2.8413209474530827,-2.7428836822384626,-3.5268239339219063,-0.8233234145353103,-1.214088830698933,0.45796875,0.8257688498106487,-0.5817862640624862,11.385298767741972,-4.406318593814427,2.5838573687623523,256,1280.0,wf_3_2022-06-30_2022-12-29,long_only
0.0300087495681613,54.1100439006796,2.7374868103765087,1.464651162719672,1.995332773499476,-0.5337912227546391,101.36930244271112,0.40296875,0.1425018281045062,-4.559814667831139,8.329350620800009,-5.849763155484378,1.4238782664202263,1374,6870.0,wf_3_2022-06-30_2022-12-29,tsmom_12
-0.53675089343565,-0.9725979503913256,2.7379724561463394,-1.31375748768361,-1.5814896255346649,-0.755802483282539,-1.286841432654757,0.43078125,0.1686850313057749,-4.921564163005766,8.292804697600046,-6.730760337787505,1.23207546865738,1038,5190.0,wf_3_2022-06-30_2022-12-29,tsmom_24
-0.8295247119735798,-0.9999979421266516,2.7612754039523466,-4.74144579871122,-5.637591233927737,-0.8717820740685019,-1.147073301771143,0.438125,0.2349115393417409,-4.551550445482867,10.312591972413797,-6.881605202882885,1.49857361304214,642,3210.0,wf_3_2022-06-30_2022-12-29,tsmom_48
-0.6006292327876233,-0.992175887599448,2.7987148224657736,-1.7330643475680982,-2.128968344666542,-0.7408428496943658,-1.3392528361565068,0.444375,0.3189775870419374,-3.315601117966094,10.06865963516486,-5.756418209218432,1.749118856416778,590,2950.0,wf_3_2022-06-30_2022-12-29,tsmom_78
-0.12085769460081,12.085914670522255,2.758983711407052,0.9320788739217896,1.1851315553205175,-0.6005929931661935,20.12330281578542,0.4434375,0.2594168973679981,-3.751356090461512,9.28406734347837,-5.900565688888876,1.573419877514597,650,3250.0,wf_3_2022-06-30_2022-12-29,ema_cross_8_24
-0.12085769460081,12.085914670522255,2.758983711407052,0.9320788739217896,1.1851315553205175,-0.6005929931661935,20.12330281578542,0.4434375,0.2594168973679981,-3.751356090461512,9.28406734347837,-5.900565688888876,1.573419877514597,650,3250.0,wf_3_2022-06-30_2022-12-29,macd_8_24
-0.7319337431532779,-0.999827802694684,2.7961717464499194,-3.099329050074092,-3.709421094869488,-0.8029180297648338,-1.2452426843466486,0.45328125,0.4554291462011455,-2.3861410995670997,10.597057025287391,-5.398243064533342,1.96305666466011,462,2310.0,wf_3_2022-06-30_2022-12-29,ema_cross_16_48
-0.7319337431532779,-0.999827802694684,2.7961717464499194,-3.099329050074092,-3.709421094869488,-0.8029180297648338,-1.2452426843466486,0.45328125,0.4554291462011455,-2.3861410995670997,10.597057025287391,-5.398243064533342,1.96305666466011,462,2310.0,wf_3_2022-06-30_2022-12-29,macd_16_48
-0.519397065975171,-0.9499922361539164,2.828190134372504,-1.0591592495191609,-1.2852703598836797,-0.6734554506316405,-1.4106237246471307,0.46390625,0.5736950539168862,-1.6305791643243277,10.54419967792209,-4.830094423208198,2.183021438930489,370,1850.0,wf_3_2022-06-30_2022-12-29,ema_cross_32_96
-0.519397065975171,-0.9499922361539164,2.828190134372504,-1.0591592495191609,-1.2852703598836797,-0.6734554506316405,-1.4106237246471307,0.46390625,0.5736950539168862,-1.6305791643243277,10.54419967792209,-4.830094423208198,2.183021438930489,370,1850.0,wf_3_2022-06-30_2022-12-29,macd_32_96
0.0013086174978631,0.013479938676175,0.0418888041821178,0.3196532902418809,0.0656945653523645,-0.0114125699354097,1.1811483962390346,0.009375,0.9721021093976412,-0.0089186964705809,1.761041413333352,-0.3881958628571379,4.536476510522325,34,34.0,wf_3_2022-06-30_2022-12-29,lstm_dmn
0.2364442922556571,8.960182421858052,0.732205314576774,3.1393360338389056,3.2363631023894763,-0.1663410806915539,53.86632324742982,0.26,1.1207126458865249,0.1535537024496141,3.7788521910137,-2.042685215933608,1.8499434771140584,1935,2488.0,wf_3_2022-06-30_2022-12-29,decoder_transformer
0.3330370605003054,25.32673694721113,1.0142677812594607,3.2246635838335367,2.9953961431531657,-0.2554605956853489,99.14146202965132,0.293125,1.4623978952217622,0.6354377656230021,4.783450805779469,-2.369871957685953,2.01844272230228,1878,2454.0,wf_3_2022-06-30_2022-12-29,decoder_tft
-0.356314929060042,-0.961338799352628,1.5770954568158295,-2.0625462697246437,-2.6083351049841736,-0.5789526145183994,-1.6604792434564195,0.4544090681780297,0.6519802697269356,-0.9080408183333144,8.005289168627517,-3.313225100529095,2.4161621760468788,240,1200.0,wf_4_2023-01-01_2023-06-30,long_only
-0.6909716910123787,-0.9999804689980868,1.5126104990398348,-7.168102764729556,-9.55239289174492,-0.7491604865543171,-1.334801403631669,0.3827304550758459,0.0910281185176973,-3.438178882840241,4.563836800000038,-4.091143362560008,1.1155406681090356,1352,6760.0,wf_4_2023-01-01_2023-06-30,tsmom_12
-0.6167375191789043,-0.9998210979865628,1.5242007783235196,-5.660713823033015,-7.65715504058525,-0.7310748595587768,-1.3676042677626494,0.3942323720620103,0.1304875822125379,-3.099851427005872,4.802307616161667,-3.947428615817992,1.2165660442643689,1022,5110.0,wf_4_2023-01-01_2023-06-30,tsmom_24
-0.4326078419843162,-0.9899495541103382,1.5394120858693017,-2.9881313394297178,-3.888203426388488,-0.6112181421248466,-1.6196337868324144,0.4164027337889648,0.2276881957450872,-2.7498980144143994,6.584530400000026,-4.060554058904096,1.6215842233552549,666,3330.0,wf_4_2023-01-01_2023-06-30,tsmom_48
-0.3602122373414059,-0.9651375162528232,1.5510148613771058,-2.1639070629877577,-2.793693372566657,-0.5496691889156924,-1.7558515843988027,0.430238373062177,0.2057348532625204,-2.9048977928571493,6.4375621944444354,-4.141399850000006,1.554441113539043,616,3080.0,wf_4_2023-01-01_2023-06-30,tsmom_78
-0.4294896251532636,-0.9892946800094514,1.5436782028198126,-2.9389845541667947,-3.884462469204263,-0.6177300307000466,-1.6015000580242582,0.4179029838306384,0.1873116833211987,-2.9150176727828723,5.492496690000047,-4.086796678048785,1.343961327829601,654,3270.0,wf_4_2023-01-01_2023-06-30,ema_cross_8_24
-0.4294896251532636,-0.9892946800094514,1.5436782028198126,-2.9389845541667947,-3.884462469204263,-0.6177300307000466,-1.6015000580242582,0.4179029838306384,0.1873116833211987,-2.9150176727828723,5.492496690000047,-4.086796678048785,1.343961327829601,654,3270.0,wf_4_2023-01-01_2023-06-30,macd_8_24
-0.2654480497589122,-0.8553582924681231,1.5597080749767056,-1.2396326490740142,-1.6352340781779295,-0.4583911524133738,-1.8660008771215704,0.4329054842473746,0.3324290074313635,-2.1373446995555296,6.941278139130507,-3.781504741207332,1.8355862584253555,450,2250.0,wf_4_2023-01-01_2023-06-30,ema_cross_16_48
-0.2654480497589122,-0.8553582924681231,1.5597080749767056,-1.2396326490740142,-1.6352340781779295,-0.4583911524133738,-1.8660008771215704,0.4329054842473746,0.3324290074313635,-2.1373446995555296,6.941278139130507,-3.781504741207332,1.8355862584253555,450,2250.0,wf_4_2023-01-01_2023-06-30,macd_16_48
0.1031680239278003,8.299553743158771,1.5679430678231834,1.422249993526133,1.847297410324864,-0.3938642924343202,21.072115199533563,0.4534089014835806,0.4796621167651186,-1.441103814457828,6.682506496969759,-3.456736448120312,1.933183682720024,332,1660.0,wf_4_2023-01-01_2023-06-30,ema_cross_32_96
0.1031680239278003,8.299553743158771,1.5679430678231834,1.422249993526133,1.847297410324864,-0.3938642924343202,21.072115199533563,0.4534089014835806,0.4796621167651186,-1.441103814457828,6.682506496969759,-3.456736448120312,1.933183682720024,332,1660.0,wf_4_2023-01-01_2023-06-30,macd_32_96
0.0032843944527547,0.034895329024116,0.0407372430547886,0.8419887369883979,0.2545668680330408,-0.0132225143432541,2.639084225453603,0.0143357226204367,0.1800493881355306,-0.3398687177777802,0.5373381120000454,-0.4813536903225908,1.1163062064402898,36,36.0,wf_4_2023-01-01_2023-06-30,lstm_dmn
0.0575528166010059,1.0626380949176957,0.5532277893551347,1.3086654102380415,1.481772913926488,-0.2157934154699846,4.924330488042631,0.2837139523253875,1.0076098306269223,0.0068127299013818,2.3483837655455733,-1.4536226878462764,1.6155387399910477,2028,2616.0,wf_4_2023-01-01_2023-06-30,decoder_transformer
-0.1050430194421105,-0.6456030345541659,0.4372481800564882,-2.3724028684795875,-2.4702297163633795,-0.2219589367129005,-2.908659791379522,0.2478746457742957,0.9157333780174012,-0.0671440292431618,2.142407536453892,-1.2083409917460357,1.7730156893528404,1242,1546.0,wf_4_2023-01-01_2023-06-30,decoder_tft
-0.5080783428126359,-0.994661519549224,1.763618192020864,-2.9669634141202543,-3.714861815139618,-0.7069095989293652,-1.4070561795393175,0.4632697718036886,0.6375612251894549,-1.139152995312497,8.549840526666651,-4.105171420408155,2.082700002285553,256,1280.0,wf_5_2023-06-30_2023-12-29,long_only
-0.52651587563093,-0.9967804603092416,1.685134839578671,-3.405215935225045,-4.715503032773265,-0.5593415193404536,-1.782060558430551,0.3862144420131291,0.1343197424929536,-3.364455506964521,5.929348552238802,-4.26169595648415,1.3913119595538783,1522,7610.0,wf_5_2023-06-30_2023-12-29,tsmom_12
-0.532698398507903,-0.997121898497064,1.693559691305187,-3.454466323590076,-4.805046096666148,-0.5899233683669419,-1.690256653601215,0.404657705532979,0.153368515223277,-3.3358192457831404,6.214010640707994,-4.364542579599632,1.4237484289311295,1162,5810.0,wf_5_2023-06-30_2023-12-29,tsmom_24
-0.4549895261086042,-0.9873868367963984,1.695709407494005,-2.578778033634109,-3.399534700898119,-0.6212472792103297,-1.5893620299657012,0.4282588308846514,0.25044811684764,-3.1309910181318927,7.933376016666611,-4.811654365189893,1.6487834359136306,728,3640.0,wf_5_2023-06-30_2023-12-29,tsmom_48
0.0228884017769199,4.504693110007263,1.7261288215631578,0.9881213690504054,1.2807904821017515,-0.4106489238687369,10.969694179564383,0.4490465770553298,0.2649839152324362,-2.942885371794869,8.487621471794833,-4.575814920879113,1.854887406627053,624,3120.0,wf_5_2023-06-30_2023-12-29,tsmom_78
0.1855830583833879,21.773773717492887,1.7318499332228998,1.8048269128041967,2.48189698190318,-0.3117364054407147,69.8467466021827,0.4391997499218505,0.2589037106238585,-2.852383575301232,7.605370744827566,-4.429202684228798,1.7170970233329463,664,3320.0,wf_5_2023-06-30_2023-12-29,ema_cross_8_24
0.1855830583833879,21.773773717492887,1.7318499332228998,1.8048269128041967,2.48189698190318,-0.3117364054407147,69.8467466021827,0.4391997499218505,0.2589037106238585,-2.852383575301232,7.605370744827566,-4.429202684228798,1.7170970233329463,664,3320.0,wf_5_2023-06-30_2023-12-29,macd_8_24
-0.0143988455361225,2.996695113940059,1.746669655592382,0.79321437051017,1.0386773220191845,-0.4818663480111839,6.218934205113878,0.451078462019381,0.4739068924328964,-1.7227964286956476,8.813272301234571,-3.974568373614772,2.217416200395898,460,2300.0,wf_5_2023-06-30_2023-12-29,ema_cross_16_48
-0.0143988455361225,2.996695113940059,1.746669655592382,0.79321437051017,1.0386773220191845,-0.4818663480111839,6.218934205113878,0.451078462019381,0.4739068924328964,-1.7227964286956476,8.813272301234571,-3.974568373614772,2.217416200395898,460,2300.0,wf_5_2023-06-30_2023-12-29,macd_16_48
0.5856030809404134,385.17890051996,1.758061158430177,3.388158821657188,4.3629710500232886,-0.4856263868758119,793.1589199630143,0.4673335417317912,0.6127427313586421,-1.2098778295858077,10.436265509677378,-3.826040463768117,2.7276934492739557,338,1690.0,wf_5_2023-06-30_2023-12-29,ema_cross_32_96
0.5856030809404134,385.17890051996,1.758061158430177,3.388158821657188,4.3629710500232886,-0.4856263868758119,793.1589199630143,0.4673335417317912,0.6127427313586421,-1.2098778295858077,10.436265509677378,-3.826040463768117,2.7276934492739557,338,1690.0,wf_5_2023-06-30_2023-12-29,macd_32_96
0.069356995285934,0.9123380626811696,0.1141769341250795,5.678292616965618,3.072787807206177,-0.0166797907028511,54.69721286881719,0.0618943419818693,0.9596734748793152,-0.0141630442352901,1.2191029021276878,-0.4854110074796799,2.51148590234374,170,186.0,wf_5_2023-06-30_2023-12-29,lstm_dmn
0.4678959797276731,48.15169927424943,0.6661482905200404,5.847099429748261,7.083526083333482,-0.1254073961666413,383.9621963784773,0.2788371366051891,0.9744542201490092,-0.0305731457620273,3.216891995977654,-1.8774238538522672,1.713460702748048,1975,2564.0,wf_5_2023-06-30_2023-12-29,decoder_transformer
0.3752016067857968,25.175858400876777,0.657402470714873,4.96640145325464,5.891544709497784,-0.1574002384078846,159.94803219825138,0.2985307908721475,0.9787358754950566,-0.0245332292520752,3.076550455698118,-1.8227546220568915,1.687857717363173,1444,1824.0,wf_5_2023-06-30_2023-12-29,decoder_tft
-0.2073945951517253,-0.7413393142447752,1.4251760345089293,-0.9488113796799136,-1.2122605448599986,-0.4002393246326139,-1.852240068926916,0.4606161532056619,0.8251064206512444,-0.4033911800000103,8.013069045614115,-3.0249115781421145,2.64902587682768,240,1200.0,wf_6_2024-01-01_2024-06-30,long_only
-0.6293081538807753,-0.999898381531872,1.36298487159674,-6.745192301190052,-10.181832078061236,-0.6701089284579944,-1.4921430517763208,0.3796835970024979,0.1023695244449704,-3.2939712803867343,4.216690803100927,-4.028524281728591,1.046708548394698,1448,7240.0,wf_6_2024-01-01_2024-06-30,tsmom_12
-0.6232345871693394,-0.9998770121312458,1.3807472611928115,-6.520210643777631,-9.477538610179698,-0.6928220239971028,-1.443194612034197,0.3976686094920899,0.1341963967199061,-3.2897503792452905,4.913575025454588,-4.239609110315803,1.158968880762826,1060,5300.0,wf_6_2024-01-01_2024-06-30,tsmom_24
-0.3041589954940312,-0.934489645831963,1.3963273646331085,-1.951896442277632,-2.8046433041571213,-0.4053537202755118,-2.305368371102668,0.4241465445462115,0.1912067705878788,-3.079738683190875,5.679030880000112,-4.367793030718961,1.300206039997576,702,3510.0,wf_6_2024-01-01_2024-06-30,tsmom_48
-0.4535976809009598,-0.9944431115072954,1.3932364115748292,-3.726931586724152,-5.097651449257012,-0.4535976809009598,-2.192346110615203,0.4323064113238967,0.2035771608135451,-3.2890579963503663,6.677107165217482,-4.72468512818373,1.4132385511549008,548,2740.0,wf_6_2024-01-01_2024-06-30,tsmom_78
-0.3869418531264248,-0.9818398736705106,1.40317022271515,-2.8566710493456258,-4.3057392772375485,-0.5246219155948095,-1.871518982498688,0.4171523730224812,0.1778508204559485,-2.980025962068959,6.063212827027135,-4.055909676527337,1.494908247616216,696,3480.0,wf_6_2024-01-01_2024-06-30,ema_cross_8_24
-0.3869418531264248,-0.9818398736705106,1.40317022271515,-2.8566710493456258,-4.3057392772375485,-0.5246219155948095,-1.871518982498688,0.4171523730224812,0.1778508204559485,-2.980025962068959,6.063212827027135,-4.055909676527337,1.494908247616216,696,3480.0,wf_6_2024-01-01_2024-06-30,macd_8_24
-0.4035651658835218,-0.9861346448284825,1.409830412186263,-3.03455826505684,-4.374175525317038,-0.4904156061150423,-2.010814159525653,0.4328059950041632,0.2800707162236418,-2.5396311716814277,6.471990272463862,-4.163134773890369,1.554595424835577,452,2260.0,wf_6_2024-01-01_2024-06-30,ema_cross_16_48
-0.4035651658835218,-0.9861346448284825,1.409830412186263,-3.03455826505684,-4.374175525317038,-0.4904156061150423,-2.010814159525653,0.4328059950041632,0.2800707162236418,-2.5396311716814277,6.471990272463862,-4.163134773890369,1.554595424835577,452,2260.0,wf_6_2024-01-01_2024-06-30,macd_16_48
-0.1052425582813429,-0.1186718886234249,1.41894431803194,-0.0890275677895778,-0.1198857077671061,-0.3603969824591699,-0.329281027309571,0.4511240632805995,0.688542546083388,-0.8036708060975221,7.667795047368589,-3.358557333333334,2.283062126487024,328,1640.0,wf_6_2024-01-01_2024-06-30,ema_cross_32_96
-0.1052425582813429,-0.1186718886234249,1.41894431803194,-0.0890275677895778,-0.1198857077671061,-0.3603969824591699,-0.329281027309571,0.4511240632805995,0.688542546083388,-0.8036708060975221,7.667795047368589,-3.358557333333334,2.283062126487024,328,1640.0,wf_6_2024-01-01_2024-06-30,macd_32_96
0.060640674150121,0.8298754468898726,0.0882911584706733,6.843843646685161,4.080282354313543,-0.0135160139020753,61.39942241125153,0.0417985012489592,0.5935308919964397,-0.1477274227692206,1.0015259942857304,-0.463208752941168,2.1621482494156017,130,142.0,wf_6_2024-01-01_2024-06-30,lstm_dmn
-0.1523174865674295,-0.7849417863198191,0.5452584579672897,-2.818529852593467,-3.355070896665054,-0.2059607298328756,-3.8111235426129575,0.2746044962531224,0.9163233210358744,-0.0969132399421662,2.798148674155028,-1.865867996459629,1.4996498570447347,2075,2720.0,wf_6_2024-01-01_2024-06-30,decoder_transformer
0.1933892421984138,5.63837099646106,0.4247772410838391,4.456208275677485,5.257775582970345,-0.0798863107273402,70.579939730918,0.2496253122398001,1.06135893536118,0.0484267725919335,2.370547363248756,-1.2205267818030567,1.9422329756228696,1115,1400.0,wf_6_2024-01-01_2024-06-30,decoder_tft
-0.2256927202721967,-0.8365732569041912,1.127109932003311,-1.607086941073038,-2.169796389654413,-0.4743481915991439,-1.7636269553044943,0.4519606311513826,0.5423764581288653,-0.8385866093749696,5.300771991666681,-2.2553616711538127,2.3502979852250827,256,1280.0,wf_7_2024-06-30_2024-12-29,long_only
-0.6813440660091022,-0.9999675824667296,1.0994984655281688,-9.400594055185184,-13.60697651707103,-0.6933082230253076,-1.442313172203971,0.3797844086861427,0.0638707808643968,-3.164023781718977,3.1967225131312405,-3.624677683101692,0.8819329034508128,1466,7330.0,wf_7_2024-06-30_2024-12-29,tsmom_12
-0.591165603304749,-0.9996502004861276,1.0948650109134288,-7.268141015364453,-10.63674147369723,-0.64664759643805,-1.545896414047672,0.3980628026870801,0.0950288998937383,-2.8421961202090613,3.724166543478296,-3.414265594696975,1.0907665031281275,1148,5740.0,wf_7_2024-06-30_2024-12-29,tsmom_24
-0.3269435451170015,-0.9584302772933952,1.1023692647063117,-2.884968504231032,-4.011510591626257,-0.4464231767038185,-2.1469097647886466,0.4330573347914388,0.1028328590740387,-3.1082227121951105,3.895141779999958,-3.813259406040252,1.021473066802118,656,3280.0,wf_7_2024-06-30_2024-12-29,tsmom_48
-0.4184616944586239,-0.9895680138302848,1.116435647343754,-4.086853207999987,-5.6608875654436375,-0.4750245749131396,-2.0831933042858504,0.4368067489454773,0.1198043008234499,-3.0632997659306125,3.945455229850719,-3.891494800705479,1.013866247267106,634,3170.0,wf_7_2024-06-30_2024-12-29,tsmom_78
-0.3340026689626397,-0.962264027739417,1.1065234898349368,-2.961576332591678,-4.363070939498839,-0.4293094233812137,-2.241423028082372,0.4250898297141072,0.1327885651519633,-2.6584858510028915,4.001908084507027,-3.4126931387560084,1.172653948595507,698,3490.0,wf_7_2024-06-30_2024-12-29,ema_cross_8_24
-0.3340026689626397,-0.962264027739417,1.1065234898349368,-2.961576332591678,-4.363070939498839,-0.4293094233812137,-2.241423028082372,0.4250898297141072,0.1327885651519633,-2.6584858510028915,4.001908084507027,-3.4126931387560084,1.172653948595507,698,3490.0,wf_7_2024-06-30_2024-12-29,macd_8_24
-0.2512474774275031,-0.8831812288880286,1.1147806136616076,-1.9260236869741685,-2.736101334050115,-0.3433237663343037,-2.572444192599387,0.4436806748945477,0.199885301314669,-2.147495494166665,4.221553272131118,-3.074731710739851,1.3729826434564971,480,2400.0,wf_7_2024-06-30_2024-12-29,ema_cross_16_48
-0.2512474774275031,-0.8831812288880286,1.1147806136616076,-1.9260236869741685,-2.736101334050115,-0.3433237663343037,-2.572444192599387,0.4436806748945477,0.199885301314669,-2.147495494166665,4.221553272131118,-3.074731710739851,1.3729826434564971,480,2400.0,wf_7_2024-06-30_2024-12-29,macd_16_48
-0.1004629607934691,-0.3173739359512996,1.123793132366988,-0.3397483562273697,-0.4781718389272414,-0.2963755461893493,-1.0708506151466852,0.454928917356663,0.3632549105799829,-1.4761430666666675,5.135555718032818,-2.7729714456591714,1.852004544104503,372,1860.0,wf_7_2024-06-30_2024-12-29,ema_cross_32_96
-0.1004629607934691,-0.3173739359512996,1.123793132366988,-0.3397483562273697,-0.4781718389272414,-0.2963755461893493,-1.0708506151466852,0.454928917356663,0.3632549105799829,-1.4761430666666675,5.135555718032818,-2.7729714456591714,1.852004544104503,372,1860.0,wf_7_2024-06-30_2024-12-29,macd_32_96
0.0332906535259633,0.3726812939398523,0.0835483670474797,3.7914181505700384,2.025480590896145,-0.0159535862965114,23.360345881687184,0.031713794719575,0.3707745653340117,-0.3344724081889606,1.1377451745454794,-0.6429370445714147,1.7696058800032382,127,136.0,wf_7_2024-06-30_2024-12-29,lstm_dmn
-0.0291505199772185,-0.1543945515954577,0.4805125171808108,-0.3490068740612452,-0.4178433639124264,-0.134882719455916,-1.1446577605956323,0.2927667551945008,0.6870186439133199,-0.3582284334316258,2.2712626375330416,-1.7506727719440194,1.2973656036307333,1967,2506.0,wf_7_2024-06-30_2024-12-29,decoder_transformer
0.1548703458678664,3.402006273584947,0.4575992242574315,3.238813058659915,3.9768530451418624,-0.1131118536564577,30.076478844714977,0.2969848461177941,0.6470781268146087,-0.3718496905159032,2.143825806222212,-1.544962616455957,1.3876230941691057,1415,1804.0,wf_7_2024-06-30_2024-12-29,decoder_tft
0.0982419552311451,10.611894179544048,1.7147730793841476,1.429972895940102,1.6733209574942436,-0.4408650146505786,24.07061986525476,0.4577536477774007,0.527551536806724,-0.9313107491525509,5.707535413953499,-2.4104319150259195,2.3678475954348315,236,1180.0,wf_8_2025-01-01_2025-06-30,long_only
-0.7460607122712639,-0.9999976376966696,1.6012607047826823,-8.09018976737805,-9.43498837978821,-0.7798343057114103,-1.2823206550068522,0.3842891075670173,0.0851579411905463,-3.317099159220384,3.9228708952381215,-3.935648268836448,0.9967534259350608,1334,6670.0,wf_8_2025-01-01_2025-06-30,tsmom_12
-0.8453358945358669,-0.999999985803626,1.622249029022076,-11.137385816138751,-12.438014273672335,-0.8525836559350956,-1.1729054138468646,0.3970139124533424,0.085513878978355,-3.563471962825281,3.7741703663157593,-4.27404894678899,0.8830433187133293,1076,5380.0,wf_8_2025-01-01_2025-06-30,tsmom_24
-0.7493812693725111,-0.9999978277894866,1.6328318694540551,-7.985131365662946,-8.832491629341764,-0.7843417174370677,-1.274951727745786,0.4183915846623685,0.1038951060394511,-3.4374617443181794,4.453548895238133,-4.213021292355696,1.0570914757347327,704,3520.0,wf_8_2025-01-01_2025-06-30,tsmom_48
-0.2261350807881119,-0.7148310151457762,1.6795958376953477,-0.747001429421224,-0.8804196768560362,-0.4473306974155936,-1.597992311450204,0.4362063115032236,0.1472421532459087,-2.708223085314687,4.533513240677985,-3.5410933450292448,1.2802580443245968,572,2860.0,wf_8_2025-01-01_2025-06-30,tsmom_78
-0.7063046240311817,-0.9999877872042904,1.677673160018067,-6.742660996386942,-7.294094180172247,-0.7597405838273524,-1.3162226798082082,0.4258568035290125,0.1146201144176192,-3.35945742364217,4.694038717241376,-4.181821466197181,1.1224866377449607,626,3130.0,wf_8_2025-01-01_2025-06-30,ema_cross_8_24
-0.7063046240311817,-0.9999877872042904,1.677673160018067,-6.742660996386942,-7.294094180172247,-0.7597405838273524,-1.3162226798082082,0.4258568035290125,0.1146201144176192,-3.35945742364217,4.694038717241376,-4.181821466197181,1.1224866377449607,626,3130.0,wf_8_2025-01-01_2025-06-30,macd_8_24
-0.4047475936340304,-0.9809243747208451,1.6934579441165587,-2.337947593518314,-2.782050968861851,-0.4836463132165648,-2.028185365865927,0.4394299287410926,0.1556445532105655,-2.5655040774193427,3.731714130909098,-3.4793484084432587,1.0725324666691698,434,2170.0,wf_8_2025-01-01_2025-06-30,ema_cross_16_48
-0.4047475936340304,-0.9809243747208451,1.6934579441165587,-2.337947593518314,-2.782050968861851,-0.4836463132165648,-2.028185365865927,0.4394299287410926,0.1556445532105655,-2.5655040774193427,3.731714130909098,-3.4793484084432587,1.0725324666691698,434,2170.0,wf_8_2025-01-01_2025-06-30,macd_16_48
0.3089241091097108,69.8182467577262,1.7131317609344932,2.4868284952240733,2.94671570839062,-0.3294601414461674,211.91712736860535,0.4602986087546658,0.2498833576976885,-1.9861413484276575,4.781818945454592,-3.072967089051085,1.556091818390151,318,1590.0,wf_8_2025-01-01_2025-06-30,ema_cross_32_96
0.3089241091097108,69.8182467577262,1.7131317609344932,2.4868284952240733,2.94671570839062,-0.3294601414461674,211.91712736860535,0.4602986087546658,0.2498833576976885,-1.9861413484276575,4.781818945454592,-3.072967089051085,1.556091818390151,318,1590.0,wf_8_2025-01-01_2025-06-30,macd_32_96
-0.0217778385800792,-0.2021810814982565,0.0759924833328981,-2.972309891372245,-0.9580240926086988,-0.0387020600574563,-5.224039268144958,0.0200203596878181,0.4881365478364788,-0.225441486280995,1.4452198177778084,-0.5174017141747665,2.7932258015087403,121,132.0,wf_8_2025-01-01_2025-06-30,lstm_dmn
-0.0097780691559155,0.1576927439337059,0.7083116645182479,0.2067298803035762,0.2715734243253893,-0.2914713175348531,0.5410231966129895,0.3059043094672548,0.7507926130989269,-0.3430808090038358,3.159841479590033,-2.04592488239146,1.544456253885787,2088,2754.0,wf_8_2025-01-01_2025-06-30,decoder_transformer
0.0513452873451836,1.063181506574479,0.6429140219905219,1.1265168750884096,1.3418523731371217,-0.2233283854579931,4.760619678479955,0.2986087546657618,1.025710739704102,0.0252164504869889,2.834551071278186,-1.520353371913132,1.864402791905764,1499,1910.0,wf_8_2025-01-01_2025-06-30,decoder_tft
1.0739925826514312,11997.12208835588,2.191573585511469,4.286064517230163,5.377427362137015,-0.4519335724590192,26546.20683096909,0.47984375,0.6199019596316737,-2.1177056687500277,16.373411748148023,-7.06087567128713,2.318892515659224,256,1280.0,wf_9_2025-06-30_2025-12-29,long_only
0.0962419058017056,20.844376515702532,2.10296362599835,1.4665118978174532,2.0166414461129074,-0.526735886736178,39.57272902907922,0.41203125,0.1385470083227881,-6.021480989010997,10.217653643478172,-7.721784918664643,1.3232243258654697,1456,7280.0,wf_9_2025-06-30_2025-12-29,tsmom_12
-0.3921038992758096,-0.919805697879327,2.113495327517116,-1.1938757528892463,-1.5275541889281037,-0.6395801674497419,-1.4381398059088584,0.431875,0.1302575647392991,-6.729455790960442,9.730251603636331,-8.631312737815112,1.1273200148346614,1062,5310.0,wf_9_2025-06-30_2025-12-29,tsmom_24
-0.2849810125533543,-0.6189862068756001,2.1170319898572205,-0.4557853185201365,-0.5784184800592457,-0.6237597926979465,-0.9923470767461636,0.4521875,0.1885397806132418,-6.62610495466667,13.584273336470543,-9.209386390375938,1.4750465189153623,750,3750.0,wf_9_2025-06-30_2025-12-29,tsmom_48
-0.063482909464964,4.359646643447748,2.1470583795808103,0.7819633967122901,1.0019198410988803,-0.5483403415517907,7.950621745447449,0.46671875,0.3350147013209831,-4.450589836482084,15.29661213777771,-7.842284832061056,1.950530038802169,614,3070.0,wf_9_2025-06-30_2025-12-29,tsmom_78
0.6160886434626738,935.2815053475103,2.1196799733042115,3.227986540368323,4.202997640763489,-0.5052669957898804,1851.0639189591063,0.4565625,0.2825858905371869,-4.819887094478533,13.168526051063765,-7.850193251612898,1.6774779459547908,652,3260.0,wf_9_2025-06-30_2025-12-29,ema_cross_8_24
0.6160886434626738,935.2815053475103,2.1196799733042115,3.227986540368323,4.202997640763489,-0.5052669957898804,1851.0639189591063,0.4565625,0.2825858905371869,-4.819887094478533,13.168526051063765,-7.850193251612898,1.6774779459547908,652,3260.0,wf_9_2025-06-30_2025-12-29,macd_8_24
0.2384221354321827,79.71911022819529,2.165714112194047,2.027568071540704,2.6475714667595542,-0.5957042672387607,133.8232989293722,0.47046875,0.5256602149701755,-2.768797900909114,17.089619691139166,-7.114545795013863,2.4020675646105483,440,2200.0,wf_9_2025-06-30_2025-12-29,ema_cross_16_48
0.2384221354321827,79.71911022819529,2.165714112194047,2.027568071540704,2.6475714667595542,-0.5957042672387607,133.8232989293722,0.47046875,0.5256602149701755,-2.768797900909114,17.089619691139166,-7.114545795013863,2.4020675646105483,440,2200.0,wf_9_2025-06-30_2025-12-29,macd_16_48
0.8146673527856139,3237.107680344973,2.1823054011332346,3.7040085417862,4.801333175528709,-0.3584070627721021,9031.93049631204,0.48328125,0.929720088199236,-0.320599012941179,19.22652697066657,-5.8528044799999766,3.285010978303968,340,1700.0,wf_9_2025-06-30_2025-12-29,ema_cross_32_96
0.8146673527856139,3237.107680344973,2.1823054011332346,3.7040085417862,4.801333175528709,-0.3584070627721021,9031.93049631204,0.48328125,0.929720088199236,-0.320599012941179,19.22652697066657,-5.8528044799999766,3.285010978303968,340,1700.0,wf_9_2025-06-30_2025-12-29,macd_32_96
0.0809865903614261,1.234293936447679,0.3428606782735618,2.3447732391153115,2.021244669217182,-0.0912167952438527,13.5314328150644,0.2084375,1.5732713084732293,0.4217424616993396,3.6387362268492978,-1.078836099680513,3.3728350654254844,459,492.0,wf_9_2025-06-30_2025-12-29,lstm_dmn
0.2893474446923556,14.56223603673758,0.7906954905598422,3.4715118068752155,3.522791887023904,-0.1971850129111929,73.85062293398553,0.26265625,1.2317683321776505,0.4680753095029785,6.103863262731712,-3.408892913355713,1.7905705511655603,2012,2620.0,wf_9_2025-06-30_2025-12-29,decoder_transformer
0.4613035858855259,56.85291708412814,0.9266008125996006,4.379489287019469,5.617576586386023,-0.3439292634711482,165.3040991927616,0.37,1.4465927165488837,0.9686351302516104,7.207156975161292,-3.841168240331605,1.8762929724054744,1709,2220.0,wf_9_2025-06-30_2025-12-29,decoder_tft
-0.4859752200476568,-0.9997451659375104,1.8513829135076445,-4.469274738397189,-6.054302895200501,-0.6518041250244233,-1.5338122720534326,0.4721745525864182,0.8965952792363149,-0.4078610146340906,15.262600210526456,-5.133873130158701,2.9729211890467284,164,820.0,wf_10_2026-01-01_2026-05-11,long_only
-0.4429818708346531,-0.9992709876047547,1.76847610348757,-4.0845300311301145,-5.878424490018111,-0.4898458722278869,-2.0399702115686558,0.4018141701397401,0.1214760952911887,-6.17564975760369,9.150706044444435,-7.75307646658196,1.18026774066871,868,4340.0,wf_10_2026-01-01_2026-05-11,tsmom_12
-0.6109448506543189,-0.9999965632641852,1.7850670153399442,-7.0471842351443525,-9.949476081719046,-0.6321813673583303,-1.5818191027091302,0.4145623927433194,0.1269140938259864,-6.327080649704151,10.027929045161288,-7.978563713355057,1.2568589291799304,676,3380.0,wf_10_2026-01-01_2026-05-11,tsmom_24
-0.4086766378978097,-0.9980738055186292,1.8097118259232647,-3.454632798014266,-4.923919540575249,-0.4985425874712673,-2.001983041370867,0.429271880362834,0.1922054410212246,-5.44120984444442,11.016493759999994,-7.632913714285687,1.4432881298502866,468,2340.0,wf_10_2026-01-01_2026-05-11,tsmom_48
-0.3815732583736693,-0.996042044446798,1.834966631534097,-3.014647620135184,-4.173714270150208,-0.4881717044449233,-2.0403518585317224,0.4459426329982839,0.164560278992013,-6.245159283695676,10.059785475555516,-8.5167460148607,1.1811771136537823,368,1840.0,wf_10_2026-01-01_2026-05-11,tsmom_78
-0.2759437316277515,-0.9586456457579642,1.8245487621586365,-1.7459082319326142,-2.5172554611932987,-0.4368484022627489,-2.1944583997388016,0.4385878891885266,0.2026772594651758,-5.341673046846834,10.576848631579004,-7.686261511111105,1.37607191952672,444,2220.0,wf_10_2026-01-01_2026-05-11,ema_cross_8_24
-0.2759437316277515,-0.9586456457579642,1.8245487621586365,-1.7459082319326142,-2.5172554611932987,-0.4368484022627489,-2.1944583997388016,0.4385878891885266,0.2026772594651758,-5.341673046846834,10.576848631579004,-7.686261511111105,1.37607191952672,444,2220.0,wf_10_2026-01-01_2026-05-11,macd_8_24
-0.3599115069300355,-0.993401335553102,1.8320465407598068,-2.740477418830074,-3.836391202104264,-0.4707074750690987,-2.110443084438532,0.4506006374111301,0.2505077123412754,-5.000827883660144,10.655553875000017,-7.913643094573663,1.3464789538343551,306,1530.0,wf_10_2026-01-01_2026-05-11,ema_cross_16_48
-0.3599115069300355,-0.993401335553102,1.8320465407598068,-2.740477418830074,-3.836391202104264,-0.4707074750690987,-2.110443084438532,0.4506006374111301,0.2505077123412754,-5.000827883660144,10.655553875000017,-7.913643094573663,1.3464789538343551,306,1530.0,wf_10_2026-01-01_2026-05-11,macd_16_48
0.0408322040878559,8.92155914424617,1.8413298697467133,1.2462476789614665,1.735477329554837,-0.5170925276612469,17.253312834740445,0.4689874969355234,0.3949399895959927,-3.350384112820527,12.48128388292678,-6.71358819481866,1.8591077559030875,234,1170.0,wf_10_2026-01-01_2026-05-11,ema_cross_32_96
0.0408322040878559,8.92155914424617,1.8413298697467133,1.2462476789614665,1.735477329554837,-0.5170925276612469,17.253312834740445,0.4689874969355234,0.3949399895959927,-3.350384112820527,12.48128388292678,-6.71358819481866,1.8591077559030875,234,1170.0,wf_10_2026-01-01_2026-05-11,macd_32_96
-0.0086537716366468,-0.1059287948882876,0.1925042305728647,-0.5816482915702523,-0.4118969256728071,-0.0546717593137585,-1.937541359888704,0.0973277764157881,0.3717449036492122,-0.7130835729729683,2.2302477971428667,-1.3998608926666631,1.5931924442109096,148,154.0,wf_10_2026-01-01_2026-05-11,lstm_dmn
-0.1518650626438797,-0.882317870655709,0.8168156916918782,-2.6196004138534943,-2.88331220471025,-0.2914140450585157,-3.027712238367029,0.2834027948026477,0.7624761572298242,-0.6647033734948707,5.625385022506164,-4.50864628216217,1.2476882572851666,1073,1348.0,wf_10_2026-01-01_2026-05-11,decoder_transformer
-0.1583327606251765,-0.9110965130470652,0.5793418869231989,-4.17742293943836,-4.6668679667134905,-0.2083535197436602,-4.3728395573446415,0.2378033831821525,0.4563408750500539,-1.3553088761497414,4.341566906530583,-3.3781125960869582,1.2852049134062742,748,938.0,wf_10_2026-01-01_2026-05-11,decoder_tft
